HEADER,PACKET_ID,TIME_MS,PRESS_HPA,TEMP_C,REL_ALT_M,AX,AY,AZ,GX,GY,GZ,GPS_FIX,GPS_LAT,GPS_LON,GPS_ALT,GPS_SATS,APOGEE
$CANSAT,1,6061,1008.87,31.74,-0.32,-0.00,-0.00,0.90,-0.01,0.09,-0.06,0,0.000000,0.000000,0.0,0,0*
$CANSAT,2,6086,1008.87,31.74,-0.32,0.00,-0.00,0.90,-0.01,-0.03,0.01,0,0.000000,0.000000,0.0,0,0*
$CANSAT,3,6111,1008.87,31.74,-0.32,-0.00,-0.00,0.90,0.05,0.03,0.01,0,0.000000,0.000000,0.0,0,0*
$CANSAT,4,6136,1008.82,31.74,0.15,-0.00,-0.00,0.90,-0.07,-0.10,0.01,0,0.000000,0.000000,0.0,0,0*
$CANSAT,5,6161,1008.82,31.74,0.15,-0.00,-0.00,0.90,-0.01,0.09,0.07,0,0.000000,0.000000,0.0,0,0*
$CANSAT,6,6186,1008.82,31.74,0.15,-0.00,-0.00,0.90,-0.13,0.03,0.07,0,0.000000,0.000000,0.0,0,0*
$CANSAT,7,6211,1008.82,31.74,0.15,-0.00,-0.00,0.90,-0.01,0.03,0.07,0,0.000000,0.000000,0.0,0,0*
$CANSAT,8,6236,1008.84,31.74,-0.06,-0.00,-0.00,0.90,-0.01,-0.03,-0.12,0,0.000000,0.000000,0.0,0,0*
$CANSAT,9,6261,1008.84,31.74,-0.06,-0.00,-0.00,0.90,-0.07,0.03,0.01,0,0.000000,0.000000,0.0,0,0*
$CANSAT,10,6286,1008.84,31.74,-0.06,-0.00,-0.00,0.90,-0.01,0.09,-0.06,0,0.000000,0.000000,0.0,0,0*
$CANSAT,11,6311,1008.84,31.74,-0.06,-0.00,-0.00,0.90,-0.01,0.03,0.01,0,0.000000,0.000000,0.0,0,0*
$CANSAT,12,6337,1008.83,31.74,0.07,-0.00,-0.00,0.90,-0.07,0.03,0.01,0,0.000000,0.000000,0.0,0,0*
$CANSAT,13,6362,1008.83,31.74,0.07,-0.00,-0.00,0.90,-0.01,-0.03,0.01,0,0.000000,0.000000,0.0,0,0*
$CANSAT,14,6387,1008.83,31.74,0.07,-0.00,-0.00,0.90,-0.07,0.03,0.07,0,0.000000,0.000000,0.0,0,0*
$CANSAT,15,6412,1008.83,31.74,0.07,-0.00,-0.00,0.90,-0.07,-0.03,0.01,0,0.000000,0.000000,0.0,0,0*
$CANSAT,16,6437,1008.83,31.74,-0.00,-0.00,-0.00,0.90,-0.07,0.03,-0.06,0,0.000000,0.000000,0.0,0,0*
$CANSAT,17,6462,1008.83,31.74,-0.00,-0.00,-0.00,0.90,-0.07,0.09,0.01,0,0.000000,0.000000,0.0,0,0*
$CANSAT,18,6487,1008.83,31.74,-0.00,-0.00,0.00,0.90,-0.07,0.03,-0.06,0,0.000000,0.000000,0.0,0,0*
$CANSAT,19,6512,1008.83,31.74,-0.00,-0.01,-0.00,0.90,0.05,-0.03,0.01,0,0.000000,0.000000,0.0,0,0*
$CANSAT,20,6537,1008.84,31.75,-0.08,-0.00,-0.00,0.90,0.05,0.09,0.07,0,0.000000,0.000000,0.0,0,0*
$CANSAT,21,6562,1008.84,31.75,-0.08,-0.00,-0.00,0.90,-0.01,-0.03,-0.06,0,0.000000,0.000000,0.0,0,0*
$CANSAT,22,6588,1008.84,31.75,-0.08,-0.00,-0.00,0.90,-0.01,0.03,-0.06,0,0.000000,0.000000,0.0,0,0*
$CANSAT,23,6613,1008.84,31.75,-0.08,-0.00,-0.00,0.90,-0.07,0.09,0.07,0,0.000000,0.000000,0.0,0,0*
$CANSAT,24,6638,1008.83,31.75,-0.01,-0.00,-0.00,0.90,-0.01,0.09,0.07,0,0.000000,0.000000,0.0,0,0*
$CANSAT,25,6663,1008.83,31.75,-0.01,-0.00,-0.00,0.90,-0.13,0.09,0.01,0,0.000000,0.000000,0.0,0,0*
$CANSAT,26,6688,1008.83,31.75,-0.01,-0.00,-0.00,0.90,0.05,0.09,0.01,0,0.000000,0.000000,0.0,0,0*
$CANSAT,27,6713,1008.83,31.75,-0.01,-0.00,-0.00,0.90,0.05,0.03,0.01,0,0.000000,0.000000,0.0,0,0*
$CANSAT,28,6738,1008.82,31.74,0.10,-0.00,-0.00,0.90,-0.07,0.09,0.01,0,0.000000,0.000000,0.0,0,0*
$CANSAT,29,6763,1008.82,31.74,0.10,-0.00,-0.00,0.90,-0.07,0.03,0.01,0,0.000000,0.000000,0.0,0,0*
$CANSAT,30,6788,1008.82,31.74,0.10,-0.00,-0.00,0.90,-0.01,-0.03,0.07,0,0.000000,0.000000,0.0,0,0*
$CANSAT,31,6813,1008.82,31.74,0.10,-0.00,-0.00,0.90,-0.07,0.03,0.01,0,0.000000,0.000000,0.0,0,0*
$CANSAT,32,6839,1008.83,31.75,0.04,-0.00,-0.00,0.90,-0.07,0.09,0.01,0,0.000000,0.000000,0.0,0,0*
$CANSAT,33,6864,1008.83,31.75,0.04,-0.00,-0.00,0.90,-0.13,0.09,0.01,0,0.000000,0.000000,0.0,0,0*
$CANSAT,34,6889,1008.83,31.75,0.04,-0.00,-0.00,0.90,0.05,0.03,0.01,0,0.000000,0.000000,0.0,0,0*
$CANSAT,35,6914,1008.81,31.75,0.21,-0.00,-0.00,0.90,-0.01,0.03,-0.06,0,0.000000,0.000000,0.0,0,0*
$CANSAT,36,6939,1008.81,31.75,0.21,-0.00,-0.00,0.90,-0.01,0.03,0.07,0,0.000000,0.000000,0.0,0,0*
$CANSAT,37,6964,1008.81,31.75,0.21,-0.00,-0.00,0.90,-0.01,0.09,0.01,0,0.000000,0.000000,0.0,0,0*
$CANSAT,38,6989,1008.81,31.75,0.21,-0.00,-0.00,0.90,0.11,0.03,0.13,0,0.000000,0.000000,0.0,0,0*
$CANSAT,39,7014,1008.83,31.74,0.04,-0.00,-0.00,0.90,0.05,-0.03,-0.06,0,0.000000,0.000000,0.0,0,0*
$CANSAT,40,7039,1008.83,31.74,0.04,-0.00,-0.00,0.90,-0.07,0.09,0.07,0,0.000000,0.000000,0.0,0,0*
$CANSAT,41,7064,1008.83,31.74,0.04,-0.00,-0.00,0.90,-0.07,0.09,0.07,0,0.000000,0.000000,0.0,0,0*
$CANSAT,42,7090,1008.83,31.74,0.04,-0.00,-0.00,0.90,0.05,0.09,-0.12,0,0.000000,0.000000,0.0,0,0*
$CANSAT,43,7115,1008.86,31.75,-0.17,-0.00,-0.00,0.90,-0.01,0.09,0.01,0,0.000000,0.000000,0.0,0,0*
$CANSAT,44,7140,1008.86,31.75,-0.17,-0.00,-0.00,0.90,-0.01,0.03,0.07,0,0.000000,0.000000,0.0,0,0*
$CANSAT,45,7165,1008.86,31.75,-0.17,-0.00,-0.00,0.90,-0.01,0.09,0.01,0,0.000000,0.000000,0.0,0,0*
$CANSAT,46,7190,1008.86,31.75,-0.17,-0.00,-0.00,0.90,0.17,0.03,0.01,0,0.000000,0.000000,0.0,0,0*
$CANSAT,47,7215,1008.84,31.75,-0.08,-0.00,-0.00,0.90,-0.07,0.03,0.01,0,0.000000,0.000000,0.0,0,0*
$CANSAT,48,7240,1008.84,31.75,-0.08,-0.00,-0.00,0.90,-0.01,0.03,0.07,0,0.000000,0.000000,0.0,0,0*
$CANSAT,49,7265,1008.84,31.75,-0.08,-0.00,-0.00,0.90,-0.07,0.09,0.07,0,0.000000,0.000000,0.0,0,0*
$CANSAT,50,7290,1008.84,31.75,-0.08,-0.00,-0.00,0.90,0.11,0.03,0.01,0,0.000000,0.000000,0.0,0,0*
$CANSAT,51,7315,1008.86,31.75,-0.19,-0.00,-0.00,0.90,0.05,0.03,0.07,0,0.000000,0.000000,0.0,0,0*
$CANSAT,52,7341,1008.86,31.75,-0.19,-0.00,-0.00,0.90,-0.07,-0.03,0.01,0,0.000000,0.000000,0.0,0,0*
$CANSAT,53,7366,1008.86,31.75,-0.19,-0.00,-0.00,0.90,-0.01,0.09,-0.06,0,0.000000,0.000000,0.0,0,0*
$CANSAT,54,7391,1008.86,31.75,-0.19,-0.00,-0.00,0.90,0.05,-0.03,0.01,0,0.000000,0.000000,0.0,0,0*
$CANSAT,55,7416,1008.80,31.75,0.27,-0.00,-0.00,0.90,-0.13,0.03,-0.06,0,0.000000,0.000000,0.0,0,0*
$CANSAT,56,7441,1008.80,31.75,0.27,-0.00,-0.00,0.90,-0.01,0.03,0.01,0,0.000000,0.000000,0.0,0,0*
$CANSAT,57,7466,1008.80,31.75,0.27,-0.00,-0.00,0.90,-0.01,0.09,0.07,0,0.000000,0.000000,0.0,0,0*
$CANSAT,58,7491,1008.80,31.75,0.27,-0.00,-0.00,0.90,0.05,0.03,-0.06,0,0.000000,0.000000,0.0,0,0*
$CANSAT,59,7516,1008.86,31.75,-0.24,0.00,-0.00,0.90,-0.01,-0.03,0.07,0,0.000000,0.000000,0.0,0,0*
$CANSAT,60,7541,1008.86,31.75,-0.24,-0.00,-0.00,0.90,-0.13,0.03,0.01,0,0.000000,0.000000,0.0,0,0*
$CANSAT,61,7566,1008.86,31.75,-0.24,-0.00,-0.00,0.90,-0.07,0.09,0.07,0,0.000000,0.000000,0.0,0,0*
$CANSAT,62,7592,1008.86,31.75,-0.24,-0.00,-0.00,0.90,-0.01,0.03,-0.06,0,0.000000,0.000000,0.0,0,0*
$CANSAT,63,7617,1008.81,31.75,0.20,-0.00,-0.00,0.90,-0.01,0.03,0.07,0,0.000000,0.000000,0.0,0,0*
$CANSAT,64,7642,1008.81,31.75,0.20,-0.00,-0.00,0.90,0.05,0.03,-0.06,0,0.000000,0.000000,0.0,0,0*
$CANSAT,65,7667,1008.81,31.75,0.20,-0.00,-0.00,0.90,-0.01,-0.03,0.01,0,0.000000,0.000000,0.0,0,0*
$CANSAT,66,7692,1008.81,31.75,0.20,-0.00,-0.00,0.90,0.05,-0.03,0.07,0,0.000000,0.000000,0.0,0,0*
$CANSAT,67,7717,1008.85,31.75,-0.16,-0.00,-0.00,0.90,0.05,0.03,0.01,0,0.000000,0.000000,0.0,0,0*
$CANSAT,68,7742,1008.85,31.75,-0.16,-0.00,-0.00,0.90,-0.01,0.09,-0.06,0,0.000000,0.000000,0.0,0,0*
$CANSAT,69,7767,1008.85,31.75,-0.16,-0.00,-0.00,0.90,0.05,0.03,-0.06,0,0.000000,0.000000,0.0,0,0*
$CANSAT,70,7792,1008.85,31.75,-0.16,-0.00,-0.01,0.90,0.11,-0.03,0.07,0,0.000000,0.000000,0.0,0,0*
$CANSAT,71,7817,1008.84,31.75,-0.05,-0.00,-0.00,0.90,-0.01,0.03,0.07,0,0.000000,0.000000,0.0,0,0*
$CANSAT,72,7843,1008.84,31.75,-0.05,-0.00,-0.00,0.90,-0.01,0.15,0.01,0,0.000000,0.000000,0.0,0,0*
$CANSAT,73,7868,1008.84,31.75,-0.05,-0.00,-0.00,0.90,0.05,0.03,0.01,0,0.000000,0.000000,0.0,0,0*
$CANSAT,74,7893,1008.86,31.75,-0.22,-0.00,-0.00,0.90,-0.01,0.03,0.07,0,0.000000,0.000000,0.0,0,0*
$CANSAT,75,7918,1008.86,31.75,-0.22,-0.00,-0.00,0.90,0.05,0.03,0.01,0,0.000000,0.000000,0.0,0,0*
$CANSAT,76,7943,1008.86,31.75,-0.22,-0.00,-0.00,0.90,-0.01,0.09,0.07,0,0.000000,0.000000,0.0,0,0*
$CANSAT,77,7968,1008.86,31.75,-0.22,-0.00,-0.00,0.90,0.05,-0.03,0.01,0,0.000000,0.000000,0.0,0,0*
$CANSAT,78,7993,1008.85,31.75,-0.13,-0.00,-0.00,0.90,-0.13,0.03,0.01,0,0.000000,0.000000,0.0,0,0*
$CANSAT,79,8018,1008.85,31.75,-0.13,-0.00,-0.00,0.90,-0.01,0.09,0.01,0,0.000000,0.000000,0.0,0,0*
$CANSAT,80,8043,1008.85,31.75,-0.13,-0.00,-0.00,0.90,-0.07,-0.03,-0.06,0,0.000000,0.000000,0.0,0,0*
$CANSAT,81,8068,1008.85,31.75,-0.13,-0.00,-0.00,0.90,-0.01,0.09,0.01,0,0.000000,0.000000,0.0,0,0*
$CANSAT,82,8094,1008.89,31.76,-0.45,-0.01,-0.00,0.90,-0.01,0.03,0.07,0,0.000000,0.000000,0.0,0,0*
$CANSAT,83,8119,1008.89,31.76,-0.45,-0.00,-0.00,0.90,0.05,0.03,0.01,0,0.000000,0.000000,0.0,0,0*
$CANSAT,84,8144,1008.89,31.76,-0.45,-0.00,-0.00,0.90,-0.01,0.09,0.01,0,0.000000,0.000000,0.0,0,0*
$CANSAT,85,8169,1008.89,31.76,-0.45,-0.00,-0.00,0.90,0.05,0.03,0.01,0,0.000000,0.000000,0.0,0,0*
$CANSAT,86,8194,1008.85,31.76,-0.15,-0.00,-0.00,0.90,-0.07,0.03,0.01,0,0.000000,0.000000,0.0,0,0*
$CANSAT,87,8219,1008.85,31.76,-0.15,-0.00,-0.00,0.90,-0.13,-0.10,0.07,0,0.000000,0.000000,0.0,0,0*
$CANSAT,88,8244,1008.85,31.76,-0.15,-0.00,-0.00,0.90,-0.01,0.03,0.01,0,0.000000,0.000000,0.0,0,0*
$CANSAT,89,8269,1008.85,31.76,-0.15,-0.00,-0.00,0.90,-0.01,-0.03,0.07,0,0.000000,0.000000,0.0,0,0*
$CANSAT,90,8294,1008.85,31.75,-0.16,-0.00,-0.00,0.90,-0.01,0.03,0.01,0,0.000000,0.000000,0.0,0,0*
$CANSAT,91,8319,1008.85,31.75,-0.16,-0.00,-0.00,0.90,-0.07,0.03,0.01,0,0.000000,0.000000,0.0,0,0*
$CANSAT,92,8345,1008.85,31.75,-0.16,-0.00,-0.00,0.90,-0.01,0.09,0.07,0,0.000000,0.000000,0.0,0,0*
$CANSAT,93,8370,1008.85,31.75,-0.16,-0.00,-0.00,0.90,-0.01,0.09,0.01,0,0.000000,0.000000,0.0,0,0*
$CANSAT,94,8395,1008.84,31.76,-0.07,-0.00,-0.00,0.90,-0.07,-0.03,0.01,0,0.000000,0.000000,0.0,0,0*
$CANSAT,95,8420,1008.84,31.76,-0.07,-0.00,-0.00,0.90,-0.01,0.09,-0.06,0,0.000000,0.000000,0.0,0,0*
$CANSAT,96,8445,1008.84,31.76,-0.07,-0.00,-0.00,0.90,-0.07,-0.03,0.01,0,0.000000,0.000000,0.0,0,0*
$CANSAT,97,8470,1008.84,31.76,-0.07,-0.00,-0.00,0.90,-0.07,0.03,-0.06,0,0.000000,0.000000,0.0,0,0*
$CANSAT,98,8495,1008.86,31.75,-0.24,-0.00,-0.00,0.90,-0.07,0.03,0.07,0,0.000000,0.000000,0.0,0,0*
$CANSAT,99,8520,1008.86,31.75,-0.24,-0.00,-0.00,0.90,-0.13,0.03,0.07,0,0.000000,0.000000,0.0,0,0*
$CANSAT,100,8545,1008.86,31.75,-0.24,-0.00,-0.00,0.90,-0.01,0.03,0.01,0,0.000000,0.000000,0.0,0,0*
$CANSAT,101,8570,1008.86,31.75,-0.24,-0.00,-0.00,0.90,-0.13,0.15,0.01,0,0.000000,0.000000,0.0,0,0*
$CANSAT,102,8596,1008.84,31.76,-0.07,0.00,-0.00,0.90,-0.01,0.03,0.01,0,0.000000,0.000000,0.0,0,0*
$CANSAT,103,8621,1008.84,31.76,-0.07,-0.00,-0.00,0.90,0.05,-0.10,0.01,0,0.000000,0.000000,0.0,0,0*
$CANSAT,104,8646,1008.84,31.76,-0.07,-0.00,-0.00,0.90,0.05,0.09,0.07,0,0.000000,0.000000,0.0,0,0*
$CANSAT,105,8671,1008.84,31.76,-0.07,-0.00,-0.00,0.90,0.11,0.09,0.01,0,0.000000,0.000000,0.0,0,0*
$CANSAT,106,8696,1008.84,31.76,-0.03,-0.00,-0.00,0.90,-0.01,0.03,0.01,0,0.000000,0.000000,0.0,0,0*
$CANSAT,107,8721,1008.84,31.76,-0.03,-0.01,-0.00,0.90,-0.01,0.03,-0.06,0,0.000000,0.000000,0.0,0,0*
$CANSAT,108,8746,1008.84,31.76,-0.03,-0.00,-0.00,0.90,-0.01,-0.03,-0.06,0,0.000000,0.000000,0.0,0,0*
$CANSAT,109,8771,1008.84,31.76,0.01,-0.00,-0.00,0.90,0.11,0.03,0.01,0,0.000000,0.000000,0.0,0,0*
$CANSAT,110,8796,1008.83,31.76,0.01,-0.00,-0.00,0.90,-0.01,0.09,0.01,0,0.000000,0.000000,0.0,0,0*
$CANSAT,111,8821,1008.83,31.76,0.01,-0.00,-0.00,0.90,-0.01,0.09,-0.06,0,0.000000,0.000000,0.0,0,0*
$CANSAT,112,8847,1008.83,31.76,0.01,-0.00,-0.00,0.90,0.05,0.09,0.01,0,0.000000,0.000000,0.0,0,0*
$CANSAT,113,8872,1008.82,31.76,0.10,-0.00,-0.00,0.90,0.05,0.09,-0.06,0,0.000000,0.000000,0.0,0,0*
$CANSAT,114,8897,1008.82,31.76,0.10,-0.00,-0.00,0.90,-0.01,0.03,0.01,0,0.000000,0.000000,0.0,0,0*
$CANSAT,115,8922,1008.82,31.76,0.10,-0.00,-0.00,0.90,0.05,0.09,0.01,0,0.000000,0.000000,0.0,0,0*
$CANSAT,116,8947,1008.82,31.76,0.10,-0.00,-0.00,0.90,0.05,-0.03,-0.06,0,0.000000,0.000000,0.0,0,0*
$CANSAT,117,8972,1008.85,31.76,-0.09,-0.00,-0.00,0.90,-0.01,0.09,0.01,0,0.000000,0.000000,0.0,0,0*
$CANSAT,118,8997,1008.85,31.76,-0.09,-0.01,-0.00,0.90,-0.01,0.15,0.01,0,0.000000,0.000000,0.0,0,0*
$CANSAT,119,9022,1008.85,31.76,-0.09,-0.00,-0.00,0.90,-0.07,0.03,0.01,0,0.000000,0.000000,0.0,0,0*
$CANSAT,120,9047,1008.85,31.76,-0.09,-0.00,-0.00,0.90,-0.13,-0.03,0.07,0,0.000000,0.000000,0.0,0,0*
$CANSAT,121,9072,1008.84,31.76,-0.05,-0.00,-0.00,0.90,-0.01,0.15,0.07,0,0.000000,0.000000,0.0,0,0*
$CANSAT,122,9098,1008.84,31.76,-0.05,-0.00,-0.00,0.90,0.05,0.03,-0.06,0,0.000000,0.000000,0.0,0,0*
$CANSAT,123,9123,1008.84,31.76,-0.05,-0.00,-0.00,0.90,-0.07,0.03,0.01,0,0.000000,0.000000,0.0,0,0*
$CANSAT,124,9148,1008.84,31.76,-0.05,-0.01,-0.00,0.90,0.05,0.03,0.01,0,0.000000,0.000000,0.0,0,0*
$CANSAT,125,9173,1008.87,31.76,-0.31,-0.00,-0.00,0.90,-0.01,0.03,0.01,0,0.000000,0.000000,0.0,0,0*
$CANSAT,126,9198,1008.87,31.76,-0.31,-0.00,-0.00,0.90,-0.07,0.03,0.01,0,0.000000,0.000000,0.0,0,0*
$CANSAT,127,9223,1008.87,31.76,-0.31,-0.00,-0.00,0.90,-0.01,0.03,0.01,0,0.000000,0.000000,0.0,0,0*
$CANSAT,128,9248,1008.87,31.76,-0.31,-0.00,-0.00,0.90,-0.01,0.09,0.01,0,0.000000,0.000000,0.0,0,0*
$CANSAT,129,9273,1008.82,31.76,0.11,-0.00,-0.01,0.90,-0.07,0.03,0.07,0,0.000000,0.000000,0.0,0,0*
$CANSAT,130,9298,1008.82,31.76,0.11,-0.00,-0.00,0.90,-0.07,0.15,0.01,0,0.000000,0.000000,0.0,0,0*
$CANSAT,131,9323,1008.82,31.76,0.11,-0.00,-0.00,0.90,0.11,-0.03,0.07,0,0.000000,0.000000,0.0,0,0*
$CANSAT,132,9349,1008.82,31.76,0.11,-0.00,0.00,0.90,-0.01,0.09,0.01,0,0.000000,0.000000,0.0,0,0*
$CANSAT,133,9374,1008.86,31.76,-0.23,-0.00,-0.00,0.90,-0.07,0.03,0.01,0,0.000000,0.000000,0.0,0,0*
$CANSAT,134,9399,1008.86,31.76,-0.23,-0.00,-0.00,0.90,0.05,0.09,0.01,0,0.000000,0.000000,0.0,0,0*
$CANSAT,135,9424,1008.86,31.76,-0.23,-0.00,-0.00,0.90,-0.07,-0.10,0.01,0,0.000000,0.000000,0.0,0,0*
$CANSAT,136,9449,1008.86,31.76,-0.23,-0.00,-0.00,0.90,0.05,0.03,0.01,0,0.000000,0.000000,0.0,0,0*
$CANSAT,137,9474,1008.85,31.76,-0.11,-0.00,-0.00,0.90,-0.01,0.03,-0.06,0,0.000000,0.000000,0.0,0,0*
$CANSAT,138,9499,1008.85,31.76,-0.11,-0.00,-0.00,0.90,-0.13,0.03,0.07,0,0.000000,0.000000,0.0,0,0*
$CANSAT,139,9524,1008.85,31.76,-0.11,-0.00,-0.00,0.90,-0.01,-0.03,0.01,0,0.000000,0.000000,0.0,0,0*
$CANSAT,140,9549,1008.85,31.76,-0.11,-0.00,-0.00,0.90,0.05,0.03,0.07,0,0.000000,0.000000,0.0,0,0*
$CANSAT,141,9574,1008.88,31.76,-0.40,-0.00,-0.00,0.90,-0.13,0.03,0.01,0,0.000000,0.000000,0.0,0,0*
$CANSAT,142,9600,1008.88,31.76,-0.40,-0.00,-0.00,0.90,0.05,0.09,0.01,0,0.000000,0.000000,0.0,0,0*
$CANSAT,143,9625,1008.88,31.76,-0.40,-0.01,-0.00,0.90,0.05,0.03,0.01,0,0.000000,0.000000,0.0,0,0*
$CANSAT,144,9650,1008.88,31.76,-0.40,-0.00,-0.00,0.90,-0.07,0.03,-0.06,0,0.000000,0.000000,0.0,0,0*
$CANSAT,145,9675,1008.88,31.76,-0.36,-0.00,0.00,0.90,-0.01,0.03,-0.06,0,0.000000,0.000000,0.0,0,0*
$CANSAT,146,9700,1008.88,31.76,-0.36,-0.00,-0.00,0.90,-0.07,-0.03,0.07,0,0.000000,0.000000,0.0,0,0*
$CANSAT,147,9725,1008.88,31.76,-0.36,-0.00,-0.00,0.90,-0.01,0.09,0.13,0,0.000000,0.000000,0.0,0,0*
$CANSAT,148,9750,1008.88,31.76,-0.12,-0.00,-0.00,0.90,-0.01,0.09,0.01,0,0.000000,0.000000,0.0,0,0*
$CANSAT,149,9775,1008.85,31.76,-0.12,-0.00,-0.00,0.90,-0.01,0.09,0.01,0,0.000000,0.000000,0.0,0,0*
$CANSAT,150,9800,1008.85,31.76,-0.12,-0.00,-0.00,0.90,-0.01,0.03,-0.06,0,0.000000,0.000000,0.0,0,0*
$CANSAT,151,9825,1008.85,31.76,-0.12,-0.00,-0.00,0.90,0.05,0.03,0.07,0,0.000000,0.000000,0.0,0,0*
$CANSAT,152,9851,1008.85,31.76,-0.14,-0.00,-0.00,0.90,-0.01,0.03,0.07,0,0.000000,0.000000,0.0,0,0*
$CANSAT,153,9876,1008.85,31.76,-0.14,-0.00,-0.00,0.90,-0.01,0.09,-0.06,0,0.000000,0.000000,0.0,0,0*
$CANSAT,154,9901,1008.85,31.76,-0.14,-0.00,-0.00,0.90,-0.01,0.09,0.01,0,0.000000,0.000000,0.0,0,0*
$CANSAT,155,9926,1008.85,31.76,-0.14,-0.00,-0.00,0.90,-0.01,0.03,-0.12,0,0.000000,0.000000,0.0,0,0*
$CANSAT,156,9951,1008.85,31.76,-0.11,-0.00,-0.00,0.90,-0.19,-0.03,0.01,0,0.000000,0.000000,0.0,0,0*
$CANSAT,157,9976,1008.85,31.76,-0.11,-0.00,-0.00,0.90,0.05,0.09,-0.06,0,0.000000,0.000000,0.0,0,0*
$CANSAT,158,10001,1008.85,31.76,-0.11,-0.00,-0.00,0.90,-0.01,0.09,0.07,0,0.000000,0.000000,0.0,0,0*
$CANSAT,159,10026,1008.85,31.76,-0.11,-0.00,-0.00,0.90,-0.01,0.03,0.07,0,0.000000,0.000000,0.0,0,0*
$CANSAT,160,10051,1008.86,31.75,-0.18,-0.00,-0.00,0.90,-0.01,-0.03,0.01,0,0.000000,0.000000,0.0,0,0*
$CANSAT,161,10076,1008.86,31.75,-0.18,-0.00,-0.00,0.90,-0.01,0.03,0.01,0,0.000000,0.000000,0.0,0,0*
$CANSAT,162,10102,1008.86,31.75,-0.18,-0.00,-0.00,0.90,-0.01,-0.10,0.01,0,0.000000,0.000000,0.0,0,0*
$CANSAT,163,10127,1008.86,31.75,-0.18,-0.00,-0.00,0.90,-0.01,-0.03,0.01,0,0.000000,0.000000,0.0,0,0*
$CANSAT,164,10152,1008.84,31.76,-0.07,-0.00,-0.00,0.90,0.05,0.03,-0.06,0,0.000000,0.000000,0.0,0,0*
$CANSAT,165,10177,1008.84,31.76,-0.07,-0.00,-0.00,0.90,-0.07,0.03,-0.06,0,0.000000,0.000000,0.0,0,0*
$CANSAT,166,10202,1008.84,31.76,-0.07,-0.00,-0.00,0.90,-0.13,0.03,0.01,0,0.000000,0.000000,0.0,0,0*
$CANSAT,167,10227,1008.84,31.76,-0.07,-0.00,-0.00,0.90,-0.01,0.03,0.01,0,0.000000,0.000000,0.0,0,0*
$CANSAT,168,10252,1008.85,31.76,-0.13,-0.00,-0.00,0.90,-0.01,0.03,-0.06,0,0.000000,0.000000,0.0,0,0*
$CANSAT,169,10277,1008.85,31.76,-0.13,-0.00,-0.00,0.90,0.05,0.03,-0.06,0,0.000000,0.000000,0.0,0,0*
$CANSAT,170,10302,1008.85,31.76,-0.13,-0.00,-0.00,0.90,-0.01,-0.03,0.01,0,0.000000,0.000000,0.0,0,0*
$CANSAT,171,10327,1008.85,31.76,-0.13,-0.00,-0.00,0.90,-0.01,0.09,0.07,0,0.000000,0.000000,0.0,0,0*
$CANSAT,172,10353,1008.82,31.76,0.10,-0.00,-0.00,0.90,0.05,0.03,-0.06,0,0.000000,0.000000,0.0,0,0*
$CANSAT,173,10378,1008.82,31.76,0.10,-0.00,-0.00,0.90,-0.01,-0.10,-0.06,0,0.000000,0.000000,0.0,0,0*
$CANSAT,174,10403,1008.82,31.76,0.10,-0.00,-0.00,0.90,-0.01,0.03,0.07,0,0.000000,0.000000,0.0,0,0*
$CANSAT,175,10428,1008.82,31.76,0.10,-0.00,-0.00,0.90,0.05,-0.03,0.01,0,0.000000,0.000000,0.0,0,0*
$CANSAT,176,10453,1008.86,31.76,-0.23,-0.00,-0.00,0.90,-0.01,-0.03,0.01,0,0.000000,0.000000,0.0,0,0*
$CANSAT,177,10478,1008.86,31.76,-0.23,-0.00,-0.00,0.90,-0.01,0.03,0.07,0,0.000000,0.000000,0.0,0,0*
$CANSAT,178,10503,1008.86,31.76,-0.23,-0.00,-0.00,0.90,-0.01,0.09,0.01,0,0.000000,0.000000,0.0,0,0*
$CANSAT,179,10528,1008.86,31.76,-0.23,-0.00,-0.00,0.90,-0.01,0.09,0.01,0,0.000000,0.000000,0.0,0,0*
$CANSAT,180,10553,1008.85,31.76,-0.16,-0.00,-0.00,0.90,-0.01,0.03,0.01,0,0.000000,0.000000,0.0,0,0*
$CANSAT,181,10578,1008.85,31.76,-0.16,-0.00,-0.00,0.90,-0.01,0.09,0.13,0,0.000000,0.000000,0.0,0,0*
$CANSAT,182,10604,1008.85,31.76,-0.16,-0.00,-0.00,0.90,-0.01,-0.03,0.07,0,0.000000,0.000000,0.0,0,0*
$CANSAT,183,10629,1008.85,31.76,-0.16,-0.00,-0.00,0.90,-0.01,0.03,0.01,0,0.000000,0.000000,0.0,0,0*
$CANSAT,184,10654,1008.85,31.76,-0.14,-0.00,-0.00,0.90,-0.01,0.03,0.07,0,0.000000,0.000000,0.0,0,0*
$CANSAT,185,10679,1008.85,31.76,-0.14,-0.00,-0.00,0.90,-0.13,0.03,0.01,0,0.000000,0.000000,0.0,0,0*
$CANSAT,186,10704,1008.85,31.76,-0.14,-0.00,-0.00,0.90,-0.01,0.03,0.01,0,0.000000,0.000000,0.0,0,0*
$CANSAT,187,10729,1008.85,31.76,-0.39,0.00,-0.00,0.90,0.05,-0.10,0.01,0,0.000000,0.000000,0.0,0,0*
$CANSAT,188,10754,1008.88,31.77,-0.39,-0.00,-0.00,0.90,0.05,0.09,-0.06,0,0.000000,0.000000,0.0,0,0*
$CANSAT,189,10779,1008.88,31.77,-0.39,-0.00,-0.00,0.90,0.05,0.15,-0.06,0,0.000000,0.000000,0.0,0,0*
$CANSAT,190,10804,1008.88,31.77,-0.39,-0.00,-0.00,0.90,-0.01,0.03,0.13,0,0.000000,0.000000,0.0,0,0*
$CANSAT,191,10829,1008.85,31.77,-0.15,-0.00,-0.00,0.90,0.11,0.03,0.01,0,0.000000,0.000000,0.0,0,0*
$CANSAT,192,10855,1008.85,31.77,-0.15,-0.00,-0.00,0.90,0.11,0.03,-0.12,0,0.000000,0.000000,0.0,0,0*
$CANSAT,193,10880,1008.85,31.77,-0.15,-0.00,-0.00,0.90,-0.07,0.03,0.01,0,0.000000,0.000000,0.0,0,0*
$CANSAT,194,10905,1008.85,31.77,-0.15,-0.00,-0.00,0.90,-0.01,0.09,-0.12,0,0.000000,0.000000,0.0,0,0*
$CANSAT,195,10930,1008.86,31.76,-0.23,-0.00,-0.00,0.90,-0.01,-0.10,0.01,0,0.000000,0.000000,0.0,0,0*
$CANSAT,196,10955,1008.86,31.76,-0.23,-0.00,-0.00,0.90,-0.01,0.03,0.07,0,0.000000,0.000000,0.0,0,0*
$CANSAT,197,10980,1008.86,31.76,-0.23,-0.00,-0.00,0.90,-0.07,0.03,0.07,0,0.000000,0.000000,0.0,0,0*
$CANSAT,198,11005,1008.86,31.76,-0.23,-0.00,-0.00,0.90,-0.01,0.09,0.01,0,0.000000,0.000000,0.0,0,0*
$CANSAT,199,11030,1008.83,31.76,0.05,-0.00,-0.00,0.90,-0.07,0.21,-0.06,0,0.000000,0.000000,0.0,0,0*
$CANSAT,200,11055,1008.83,31.76,0.05,-0.00,-0.00,0.90,0.05,-0.03,-0.06,0,0.000000,0.000000,0.0,0,0*
$CANSAT,201,11080,1008.83,31.76,0.05,-0.00,-0.00,0.90,-0.01,0.03,0.01,0,0.000000,0.000000,0.0,0,0*
$CANSAT,202,11106,1008.83,31.76,0.05,-0.00,-0.00,0.90,0.05,-0.03,0.01,0,0.000000,0.000000,0.0,0,0*
$CANSAT,203,11131,1008.83,31.76,0.05,-0.00,-0.00,0.90,-0.01,0.03,0.01,0,0.000000,0.000000,0.0,0,0*
$CANSAT,204,11156,1008.83,31.76,0.05,-0.00,-0.00,0.90,0.05,0.09,0.07,0,0.000000,0.000000,0.0,0,0*
$CANSAT,205,11181,1008.83,31.76,0.05,-0.00,-0.00,0.90,0.05,0.09,0.07,0,0.000000,0.000000,0.0,0,0*
$CANSAT,206,11206,1008.83,31.76,0.05,-0.00,-0.00,0.90,-0.01,-0.03,0.01,0,0.000000,0.000000,0.0,0,0*
$CANSAT,207,11231,1008.84,31.76,-0.02,-0.00,-0.00,0.90,-0.01,0.09,0.01,0,0.000000,0.000000,0.0,0,0*
$CANSAT,208,11256,1008.84,31.76,-0.02,-0.00,-0.00,0.90,-0.01,0.03,0.01,0,0.000000,0.000000,0.0,0,0*
$CANSAT,209,11281,1008.84,31.76,-0.02,-0.00,-0.00,0.90,0.05,0.03,0.01,0,0.000000,0.000000,0.0,0,0*
$CANSAT,210,11306,1008.84,31.76,-0.02,-0.01,-0.00,0.90,0.11,0.09,0.01,0,0.000000,0.000000,0.0,0,0*
$CANSAT,211,11331,1008.86,31.76,-0.23,-0.00,-0.00,0.90,-0.13,0.09,0.01,0,0.000000,0.000000,0.0,0,0*
$CANSAT,212,11357,1008.86,31.76,-0.23,-0.00,-0.00,0.90,0.05,0.09,0.01,0,0.000000,0.000000,0.0,0,0*
$CANSAT,213,11382,1008.86,31.76,-0.23,-0.00,-0.00,0.90,-0.07,-0.03,0.01,0,0.000000,0.000000,0.0,0,0*
$CANSAT,214,11407,1008.86,31.76,-0.23,-0.00,-0.00,0.90,-0.01,0.09,0.01,0,0.000000,0.000000,0.0,0,0*
$CANSAT,215,11432,1008.84,31.75,-0.09,-0.00,-0.00,0.90,0.05,0.09,-0.06,0,0.000000,0.000000,0.0,0,0*
$CANSAT,216,11457,1008.84,31.75,-0.09,-0.00,-0.00,0.90,0.05,0.03,0.01,0,0.000000,0.000000,0.0,0,0*
$CANSAT,217,11482,1008.84,31.75,-0.09,-0.00,-0.00,0.90,-0.07,0.03,-0.06,0,0.000000,0.000000,0.0,0,0*
$CANSAT,218,11507,1008.84,31.75,-0.09,-0.00,-0.00,0.90,0.05,0.03,0.01,0,0.000000,0.000000,0.0,0,0*
$CANSAT,219,11532,1008.86,31.76,-0.19,-0.00,-0.00,0.90,0.11,-0.03,0.01,0,0.000000,0.000000,0.0,0,0*
$CANSAT,220,11557,1008.86,31.76,-0.19,-0.00,-0.00,0.90,0.11,0.03,0.01,0,0.000000,0.000000,0.0,0,0*
$CANSAT,221,11582,1008.86,31.76,-0.19,-0.00,-0.00,0.90,0.05,0.03,0.01,0,0.000000,0.000000,0.0,0,0*
$CANSAT,222,11608,1008.86,31.76,-0.19,-0.00,-0.00,0.90,-0.07,0.09,0.07,0,0.000000,0.000000,0.0,0,0*
$CANSAT,223,11633,1008.89,31.76,-0.49,-0.00,-0.00,0.90,-0.01,0.03,0.01,0,0.000000,0.000000,0.0,0,0*
$CANSAT,224,11658,1008.89,31.76,-0.49,-0.00,-0.00,0.90,-0.07,0.03,0.07,0,0.000000,0.000000,0.0,0,0*
$CANSAT,225,11683,1008.89,31.76,-0.49,-0.00,-0.00,0.90,-0.01,-0.03,0.01,0,0.000000,0.000000,0.0,0,0*
$CANSAT,226,11708,1008.89,31.76,-0.00,-0.00,-0.00,0.90,-0.01,-0.03,0.01,0,0.000000,0.000000,0.0,0,0*
$CANSAT,227,11733,1008.83,31.76,-0.00,-0.00,-0.00,0.90,-0.07,0.03,0.01,0,0.000000,0.000000,0.0,0,0*
$CANSAT,228,11758,1008.83,31.76,-0.00,-0.00,-0.00,0.90,0.11,0.09,-0.06,0,0.000000,0.000000,0.0,0,0*
$CANSAT,229,11783,1008.83,31.76,-0.00,-0.00,-0.00,0.90,0.05,0.03,0.01,0,0.000000,0.000000,0.0,0,0*
$CANSAT,230,11808,1008.86,31.76,-0.18,-0.00,-0.00,0.90,-0.01,0.03,0.01,0,0.000000,0.000000,0.0,0,0*
$CANSAT,231,11833,1008.86,31.76,-0.18,-0.00,-0.00,0.90,-0.01,0.03,-0.06,0,0.000000,0.000000,0.0,0,0*
$CANSAT,232,11859,1008.86,31.76,-0.18,-0.00,-0.00,0.90,0.11,0.09,0.01,0,0.000000,0.000000,0.0,0,0*
$CANSAT,233,11884,1008.86,31.76,-0.18,-0.00,-0.00,0.90,-0.07,0.09,0.01,0,0.000000,0.000000,0.0,0,0*
$CANSAT,234,11909,1008.83,31.76,-0.00,-0.00,-0.00,0.90,0.11,-0.10,-0.06,0,0.000000,0.000000,0.0,0,0*
$CANSAT,235,11934,1008.83,31.76,-0.00,-0.00,-0.00,0.90,0.05,0.09,0.07,0,0.000000,0.000000,0.0,0,0*
$CANSAT,236,11959,1008.83,31.76,-0.00,-0.00,-0.00,0.90,-0.07,0.03,0.01,0,0.000000,0.000000,0.0,0,0*
$CANSAT,237,11984,1008.83,31.76,-0.00,-0.00,-0.00,0.90,-0.01,0.09,0.01,0,0.000000,0.000000,0.0,0,0*
$CANSAT,238,12009,1008.86,31.76,-0.23,-0.00,-0.00,0.90,0.05,0.03,-0.06,0,0.000000,0.000000,0.0,0,0*
$CANSAT,239,12034,1008.86,31.76,-0.23,-0.00,-0.00,0.90,0.05,-0.03,0.07,0,0.000000,0.000000,0.0,0,0*
$CANSAT,240,12059,1008.86,31.76,-0.23,-0.00,-0.00,0.90,0.05,0.03,-0.06,0,0.000000,0.000000,0.0,0,0*
$CANSAT,241,12084,1008.86,31.76,-0.23,-0.00,-0.00,0.90,-0.01,0.09,0.01,0,0.000000,0.000000,0.0,0,0*
$CANSAT,242,12110,1008.86,31.76,-0.20,-0.00,-0.00,0.90,-0.01,0.03,0.07,0,0.000000,0.000000,0.0,0,0*
$CANSAT,243,12135,1008.86,31.76,-0.20,-0.00,-0.00,0.90,0.05,0.03,0.07,0,0.000000,0.000000,0.0,0,0*
$CANSAT,244,12160,1008.86,31.76,-0.20,-0.00,-0.00,0.90,-0.07,0.03,0.01,0,0.000000,0.000000,0.0,0,0*
$CANSAT,245,12185,1008.86,31.76,-0.20,-0.00,-0.00,0.90,-0.01,0.09,-0.06,0,0.000000,0.000000,0.0,0,0*
$CANSAT,246,12210,1008.86,31.76,-0.24,-0.00,-0.00,0.90,0.05,-0.03,-0.06,0,0.000000,0.000000,0.0,0,0*
$CANSAT,247,12235,1008.86,31.76,-0.24,-0.01,-0.00,0.90,0.05,0.03,0.07,0,0.000000,0.000000,0.0,0,0*
$CANSAT,248,12260,1008.86,31.76,-0.24,-0.00,-0.00,0.90,-0.01,0.03,0.01,0,0.000000,0.000000,0.0,0,0*
$CANSAT,249,12285,1008.86,31.76,-0.24,-0.00,-0.00,0.90,-0.01,0.03,0.01,0,0.000000,0.000000,0.0,0,0*
$CANSAT,250,12310,1008.86,31.76,-0.23,-0.00,-0.00,0.90,-0.01,0.03,0.01,0,0.000000,0.000000,0.0,0,0*
$CANSAT,251,12335,1008.86,31.76,-0.23,-0.00,-0.00,0.90,0.05,0.03,0.01,0,0.000000,0.000000,0.0,0,0*
$CANSAT,252,12361,1008.86,31.76,-0.23,-0.00,-0.00,0.90,0.11,0.09,0.01,0,0.000000,0.000000,0.0,0,0*
$CANSAT,253,12386,1008.86,31.76,-0.23,-0.00,-0.00,0.90,-0.01,-0.03,-0.06,0,0.000000,0.000000,0.0,0,0*
$CANSAT,254,12411,1008.87,31.76,-0.31,-0.00,-0.00,0.90,-0.01,-0.03,0.07,0,0.000000,0.000000,0.0,0,0*
$CANSAT,255,12436,1008.87,31.76,-0.31,-0.00,-0.00,0.90,0.05,-0.03,0.01,0,0.000000,0.000000,0.0,0,0*
$CANSAT,256,12461,1008.87,31.76,-0.31,-0.00,-0.00,0.90,-0.07,0.03,0.01,0,0.000000,0.000000,0.0,0,0*
$CANSAT,257,12486,1008.87,31.76,-0.31,-0.00,-0.00,0.90,-0.01,0.03,0.01,0,0.000000,0.000000,0.0,0,0*
$CANSAT,258,12511,1008.85,31.76,-0.09,-0.00,-0.00,0.90,0.05,0.15,0.01,0,0.000000,0.000000,0.0,0,0*
$CANSAT,259,12536,1008.85,31.76,-0.09,-0.00,-0.00,0.90,0.05,0.09,-0.06,0,0.000000,0.000000,0.0,0,0*
$CANSAT,260,12561,1008.85,31.76,-0.09,-0.00,-0.00,0.90,-0.01,0.03,-0.06,0,0.000000,0.000000,0.0,0,0*
$CANSAT,261,12586,1008.85,31.76,-0.09,-0.00,-0.00,0.90,-0.01,0.03,0.07,0,0.000000,0.000000,0.0,0,0*
$CANSAT,262,12612,1008.89,31.76,-0.49,-0.01,-0.00,0.90,-0.01,0.03,0.01,0,0.000000,0.000000,0.0,0,0*
$CANSAT,263,12637,1008.89,31.76,-0.49,-0.00,-0.00,0.90,0.11,0.09,-0.06,0,0.000000,0.000000,0.0,0,0*
$CANSAT,264,12662,1008.89,31.76,-0.49,-0.00,-0.00,0.90,0.05,0.03,0.07,0,0.000000,0.000000,0.0,0,0*
$CANSAT,265,12687,1008.89,31.76,-0.32,-0.00,-0.00,0.90,0.05,0.09,0.01,0,0.000000,0.000000,0.0,0,0*
$CANSAT,266,12712,1008.87,31.76,-0.32,-0.00,-0.00,0.90,-0.13,0.03,0.01,0,0.000000,0.000000,0.0,0,0*
$CANSAT,267,12737,1008.87,31.76,-0.32,-0.00,-0.00,0.90,-0.01,0.09,-0.06,0,0.000000,0.000000,0.0,0,0*
$CANSAT,268,12762,1008.87,31.76,-0.32,-0.00,-0.00,0.90,-0.07,0.03,0.07,0,0.000000,0.000000,0.0,0,0*
$CANSAT,269,12787,1008.86,31.76,-0.19,-0.00,-0.00,0.90,-0.19,0.09,0.07,0,0.000000,0.000000,0.0,0,0*
$CANSAT,270,12812,1008.86,31.76,-0.19,-0.00,-0.00,0.90,0.05,0.09,0.07,0,0.000000,0.000000,0.0,0,0*
$CANSAT,271,12837,1008.86,31.76,-0.19,-0.00,-0.00,0.90,0.05,0.09,0.01,0,0.000000,0.000000,0.0,0,0*
$CANSAT,272,12863,1008.86,31.76,-0.19,-0.00,-0.00,0.90,-0.13,-0.03,0.01,0,0.000000,0.000000,0.0,0,0*
$CANSAT,273,12888,1008.83,31.76,0.04,-0.00,-0.00,0.90,0.05,0.15,0.01,0,0.000000,0.000000,0.0,0,0*
$CANSAT,274,12913,1008.83,31.76,0.04,-0.00,-0.00,0.90,-0.01,0.03,0.01,0,0.000000,0.000000,0.0,0,0*
$CANSAT,275,12938,1008.83,31.76,0.04,-0.00,-0.00,0.90,-0.01,0.09,0.07,0,0.000000,0.000000,0.0,0,0*
$CANSAT,276,12963,1008.83,31.76,0.04,-0.00,-0.00,0.90,-0.01,0.03,0.01,0,0.000000,0.000000,0.0,0,0*
$CANSAT,277,12988,1008.81,31.76,0.23,-0.00,-0.00,0.90,-0.01,0.03,0.01,0,0.000000,0.000000,0.0,0,0*
$CANSAT,278,13013,1008.81,31.76,0.23,-0.00,-0.00,0.90,-0.01,0.09,0.01,0,0.000000,0.000000,0.0,0,0*
$CANSAT,279,13038,1008.81,31.76,0.23,-0.00,-0.00,0.90,-0.01,0.03,-0.06,0,0.000000,0.000000,0.0,0,0*
$CANSAT,280,13063,1008.81,31.76,0.23,-0.00,-0.00,0.90,0.05,0.09,0.01,0,0.000000,0.000000,0.0,0,0*
$CANSAT,281,13088,1008.82,31.76,0.12,-0.00,-0.00,0.90,-0.07,0.03,0.13,0,0.000000,0.000000,0.0,0,0*
$CANSAT,282,13114,1008.82,31.76,0.12,-0.00,-0.00,0.90,-0.13,-0.03,0.01,0,0.000000,0.000000,0.0,0,0*
$CANSAT,283,13139,1008.82,31.76,0.12,-0.00,-0.00,0.90,-0.01,0.03,0.01,0,0.000000,0.000000,0.0,0,0*
$CANSAT,284,13164,1008.82,31.76,0.12,-0.00,-0.00,0.90,-0.07,0.03,0.01,0,0.000000,0.000000,0.0,0,0*
$CANSAT,285,13189,1008.81,31.76,0.23,-0.00,-0.00,0.90,0.11,-0.03,-0.06,0,0.000000,0.000000,0.0,0,0*
$CANSAT,286,13214,1008.81,31.76,0.23,-0.00,-0.00,0.90,0.05,-0.03,0.01,0,0.000000,0.000000,0.0,0,0*
$CANSAT,287,13239,1008.81,31.76,0.23,-0.00,-0.00,0.90,-0.01,0.03,0.07,0,0.000000,0.000000,0.0,0,0*
$CANSAT,288,13264,1008.81,31.76,0.23,-0.00,-0.00,0.90,-0.07,0.03,0.07,0,0.000000,0.000000,0.0,0,0*
$CANSAT,289,13289,1008.82,31.77,0.14,-0.00,-0.00,0.90,-0.01,0.03,0.01,0,0.000000,0.000000,0.0,0,0*
$CANSAT,290,13314,1008.82,31.77,0.14,-0.00,-0.00,0.90,0.05,0.03,-0.06,0,0.000000,0.000000,0.0,0,0*
$CANSAT,291,13339,1008.82,31.77,0.14,-0.00,-0.00,0.90,-0.01,0.03,-0.06,0,0.000000,0.000000,0.0,0,0*
$CANSAT,292,13365,1008.82,31.77,0.14,-0.00,-0.00,0.90,0.05,0.03,0.01,0,0.000000,0.000000,0.0,0,0*
$CANSAT,293,13390,1008.86,31.76,-0.20,-0.00,-0.00,0.90,-0.07,0.09,0.01,0,0.000000,0.000000,0.0,0,0*
$CANSAT,294,13415,1008.86,31.76,-0.20,-0.00,-0.00,0.90,-0.13,0.03,0.01,0,0.000000,0.000000,0.0,0,0*
$CANSAT,295,13440,1008.86,31.76,-0.20,-0.00,-0.00,0.90,0.11,0.03,-0.12,0,0.000000,0.000000,0.0,0,0*
$CANSAT,296,13465,1008.86,31.76,-0.20,-0.00,-0.00,0.90,0.11,-0.03,0.01,0,0.000000,0.000000,0.0,0,0*
$CANSAT,297,13490,1008.83,31.76,0.04,-0.00,-0.00,0.90,-0.07,0.09,0.01,0,0.000000,0.000000,0.0,0,0*
$CANSAT,298,13515,1008.83,31.76,0.04,-0.01,-0.00,0.90,-0.01,0.03,0.01,0,0.000000,0.000000,0.0,0,0*
$CANSAT,299,13540,1008.83,31.76,0.04,-0.00,-0.00,0.90,-0.01,0.03,-0.06,0,0.000000,0.000000,0.0,0,0*
$CANSAT,300,13565,1008.83,31.76,0.04,-0.00,-0.00,0.90,-0.01,-0.03,-0.06,0,0.000000,0.000000,0.0,0,0*
$CANSAT,301,13590,1008.82,31.76,0.12,-0.00,-0.00,0.90,-0.07,0.09,0.01,0,0.000000,0.000000,0.0,0,0*
$CANSAT,302,13616,1008.82,31.76,0.12,-0.00,-0.00,0.90,-0.07,0.03,0.01,0,0.000000,0.000000,0.0,0,0*
$CANSAT,303,13641,1008.82,31.76,0.12,-0.00,-0.00,0.90,-0.07,0.03,-0.06,0,0.000000,0.000000,0.0,0,0*
$CANSAT,304,13666,1008.82,31.76,0.03,-0.00,-0.00,0.90,-0.01,0.09,0.07,0,0.000000,0.000000,0.0,0,0*
$CANSAT,305,13691,1008.83,31.76,0.03,-0.00,-0.00,0.90,-0.07,0.09,-0.06,0,0.000000,0.000000,0.0,0,0*
$CANSAT,306,13716,1008.83,31.76,0.03,-0.00,-0.00,0.90,-0.01,0.09,0.01,0,0.000000,0.000000,0.0,0,0*
$CANSAT,307,13741,1008.83,31.76,0.03,-0.00,-0.00,0.90,-0.01,-0.03,0.01,0,0.000000,0.000000,0.0,0,0*
$CANSAT,308,13766,1008.88,31.77,-0.35,-0.00,-0.00,0.90,-0.01,0.09,0.01,0,0.000000,0.000000,0.0,0,0*
$CANSAT,309,13791,1008.88,31.77,-0.35,-0.00,-0.00,0.90,-0.01,0.09,-0.06,0,0.000000,0.000000,0.0,0,0*
$CANSAT,310,13816,1008.88,31.77,-0.35,-0.00,-0.00,0.90,0.05,-0.03,-0.06,0,0.000000,0.000000,0.0,0,0*
$CANSAT,311,13841,1008.88,31.77,-0.35,-0.00,-0.00,0.90,-0.01,-0.03,-0.06,0,0.000000,0.000000,0.0,0,0*
$CANSAT,312,13867,1008.86,31.76,-0.25,-0.00,-0.00,0.90,-0.07,0.03,0.01,0,0.000000,0.000000,0.0,0,0*
$CANSAT,313,13892,1008.86,31.76,-0.25,-0.00,-0.00,0.90,-0.01,0.09,0.01,0,0.000000,0.000000,0.0,0,0*
$CANSAT,314,13917,1008.86,31.76,-0.25,-0.00,-0.00,0.90,-0.07,0.03,0.07,0,0.000000,0.000000,0.0,0,0*
$CANSAT,315,13942,1008.86,31.76,-0.25,-0.00,-0.00,0.90,-0.01,0.03,0.07,0,0.000000,0.000000,0.0,0,0*
$CANSAT,316,13967,1008.84,31.76,-0.06,-0.00,-0.00,0.90,-0.13,0.03,0.07,0,0.000000,0.000000,0.0,0,0*
$CANSAT,317,13992,1008.84,31.76,-0.06,-0.00,-0.00,0.90,-0.01,0.03,0.01,0,0.000000,0.000000,0.0,0,0*
$CANSAT,318,14017,1008.84,31.76,-0.06,-0.00,-0.00,0.90,-0.01,0.03,-0.06,0,0.000000,0.000000,0.0,0,0*
$CANSAT,319,14042,1008.84,31.76,-0.06,-0.00,-0.00,0.90,-0.01,-0.10,-0.06,0,0.000000,0.000000,0.0,0,0*
$CANSAT,320,14067,1008.85,31.76,-0.17,-0.00,-0.00,0.90,0.05,-0.03,0.01,0,0.000000,0.000000,0.0,0,0*
$CANSAT,321,14092,1008.85,31.76,-0.17,-0.01,-0.00,0.90,0.05,0.03,0.07,0,0.000000,0.000000,0.0,0,0*
$CANSAT,322,14118,1008.85,31.76,-0.17,-0.00,-0.00,0.90,-0.01,0.03,-0.06,0,0.000000,0.000000,0.0,0,0*
$CANSAT,323,14143,1008.85,31.76,-0.17,-0.00,-0.00,0.90,-0.07,0.09,0.07,0,0.000000,0.000000,0.0,0,0*
$CANSAT,324,14168,1008.85,31.76,-0.12,-0.00,-0.00,0.90,0.11,0.03,0.01,0,0.000000,0.000000,0.0,0,0*
$CANSAT,325,14193,1008.85,31.76,-0.12,-0.00,-0.00,0.90,-0.07,0.09,0.01,0,0.000000,0.000000,0.0,0,0*
$CANSAT,326,14218,1008.85,31.76,-0.12,-0.00,-0.00,0.90,-0.07,0.03,0.01,0,0.000000,0.000000,0.0,0,0*
$CANSAT,327,14243,1008.85,31.76,-0.12,-0.00,-0.00,0.90,0.05,0.03,0.01,0,0.000000,0.000000,0.0,0,0*
$CANSAT,328,14268,1008.84,31.77,-0.04,-0.00,-0.00,0.90,-0.01,0.09,-0.06,0,0.000000,0.000000,0.0,0,0*
$CANSAT,329,14293,1008.84,31.77,-0.04,-0.00,-0.00,0.90,-0.01,0.03,0.07,0,0.000000,0.000000,0.0,0,0*
$CANSAT,330,14318,1008.84,31.77,-0.04,-0.00,-0.00,0.90,-0.01,0.03,0.01,0,0.000000,0.000000,0.0,0,0*
$CANSAT,331,14343,1008.84,31.77,-0.04,-0.00,-0.00,0.90,-0.01,0.03,0.01,0,0.000000,0.000000,0.0,0,0*
$CANSAT,332,14369,1008.84,31.76,-0.02,-0.00,-0.00,0.90,-0.01,0.09,-0.06,0,0.000000,0.000000,0.0,0,0*
$CANSAT,333,14394,1008.84,31.76,-0.02,-0.00,-0.00,0.90,-0.07,-0.03,0.07,0,0.000000,0.000000,0.0,0,0*
$CANSAT,334,14419,1008.84,31.76,-0.02,-0.00,-0.00,0.90,0.05,0.03,0.01,0,0.000000,0.000000,0.0,0,0*
$CANSAT,335,14444,1008.84,31.76,-0.02,-0.00,-0.00,0.90,-0.07,0.03,0.07,0,0.000000,0.000000,0.0,0,0*
$CANSAT,336,14469,1008.84,31.77,-0.01,-0.00,-0.00,0.90,-0.07,0.03,0.01,0,0.000000,0.000000,0.0,0,0*
$CANSAT,337,14494,1008.84,31.77,-0.01,-0.00,-0.00,0.90,-0.01,0.03,-0.06,0,0.000000,0.000000,0.0,0,0*
$CANSAT,338,14519,1008.84,31.77,-0.01,-0.00,-0.00,0.90,-0.01,-0.03,0.01,0,0.000000,0.000000,0.0,0,0*
$CANSAT,339,14544,1008.84,31.77,-0.01,-0.00,-0.00,0.90,-0.01,0.03,0.01,0,0.000000,0.000000,0.0,0,0*
$CANSAT,340,14569,1008.81,31.76,0.18,-0.00,-0.00,0.90,-0.01,-0.03,0.01,0,0.000000,0.000000,0.0,0,0*
$CANSAT,341,14594,1008.81,31.76,0.18,-0.00,-0.00,0.90,-0.07,0.03,0.07,0,0.000000,0.000000,0.0,0,0*
$CANSAT,342,14620,1008.81,31.76,0.18,-0.00,-0.00,0.90,0.05,0.03,0.01,0,0.000000,0.000000,0.0,0,0*
$CANSAT,343,14645,1008.81,31.77,-0.02,-0.00,-0.00,0.90,0.05,0.03,-0.06,0,0.000000,0.000000,0.0,0,0*
$CANSAT,344,14670,1008.84,31.77,-0.02,-0.00,-0.00,0.90,-0.07,-0.03,0.07,0,0.000000,0.000000,0.0,0,0*
$CANSAT,345,14695,1008.84,31.77,-0.02,-0.00,-0.00,0.90,-0.07,0.03,0.01,0,0.000000,0.000000,0.0,0,0*
$CANSAT,346,14720,1008.84,31.77,-0.02,-0.00,-0.00,0.90,-0.01,0.03,-0.06,0,0.000000,0.000000,0.0,0,0*
$CANSAT,347,14745,1008.83,31.77,0.04,-0.00,-0.00,0.90,0.05,0.09,0.07,0,0.000000,0.000000,0.0,0,0*
$CANSAT,348,14770,1008.83,31.77,0.04,-0.00,-0.00,0.90,-0.07,0.03,-0.06,0,0.000000,0.000000,0.0,0,0*
$CANSAT,349,14795,1008.83,31.77,0.04,-0.00,-0.00,0.90,-0.01,0.03,0.01,0,0.000000,0.000000,0.0,0,0*
$CANSAT,350,14820,1008.83,31.77,0.04,-0.00,-0.00,0.90,-0.01,0.15,0.01,0,0.000000,0.000000,0.0,0,0*
$CANSAT,351,14845,1008.85,31.77,-0.13,-0.00,-0.00,0.90,-0.07,0.03,-0.12,0,0.000000,0.000000,0.0,0,0*
$CANSAT,352,14871,1008.85,31.77,-0.13,-0.00,-0.00,0.90,-0.01,0.03,0.07,0,0.000000,0.000000,0.0,0,0*
$CANSAT,353,14896,1008.85,31.77,-0.13,-0.00,-0.00,0.90,-0.07,0.03,0.07,0,0.000000,0.000000,0.0,0,0*
$CANSAT,354,14921,1008.85,31.77,-0.13,-0.00,-0.00,0.90,-0.01,-0.03,-0.06,0,0.000000,0.000000,0.0,0,0*
$CANSAT,355,14946,1008.87,31.77,-0.28,-0.00,-0.00,0.90,0.05,0.09,-0.06,0,0.000000,0.000000,0.0,0,0*
$CANSAT,356,14971,1008.87,31.77,-0.28,-0.00,-0.00,0.90,-0.01,0.03,0.07,0,0.000000,0.000000,0.0,0,0*
$CANSAT,357,14996,1008.87,31.77,-0.28,-0.00,-0.00,0.90,-0.01,-0.03,0.01,0,0.000000,0.000000,0.0,0,0*
$CANSAT,358,15021,1008.87,31.77,-0.28,-0.00,-0.00,0.90,0.11,0.09,0.01,0,0.000000,0.000000,0.0,0,0*
$CANSAT,359,15046,1008.81,31.77,0.17,-0.00,-0.00,0.90,0.05,0.03,0.07,0,0.000000,0.000000,0.0,0,0*
$CANSAT,360,15071,1008.81,31.77,0.17,-0.00,-0.00,0.90,-0.07,0.03,0.01,0,0.000000,0.000000,0.0,0,0*
$CANSAT,361,15096,1008.81,31.77,0.17,-0.00,-0.00,0.90,0.05,0.03,-0.06,0,0.000000,0.000000,0.0,0,0*
$CANSAT,362,15122,1008.81,31.77,0.17,-0.00,-0.00,0.90,-0.01,0.09,0.01,0,0.000000,0.000000,0.0,0,0*
$CANSAT,363,15147,1008.84,31.77,-0.04,-0.00,-0.00,0.90,0.05,-0.03,-0.06,0,0.000000,0.000000,0.0,0,0*
$CANSAT,364,15172,1008.84,31.77,-0.04,-0.00,-0.00,0.90,-0.01,0.09,0.01,0,0.000000,0.000000,0.0,0,0*
$CANSAT,365,15197,1008.84,31.77,-0.04,-0.00,-0.00,0.90,-0.07,0.03,0.01,0,0.000000,0.000000,0.0,0,0*
$CANSAT,366,15222,1008.84,31.77,-0.04,-0.00,-0.00,0.90,-0.01,0.09,0.07,0,0.000000,0.000000,0.0,0,0*
$CANSAT,367,15247,1008.85,31.76,-0.10,-0.01,-0.00,0.90,-0.01,-0.03,-0.06,0,0.000000,0.000000,0.0,0,0*
$CANSAT,368,15272,1008.85,31.76,-0.10,-0.00,-0.00,0.90,-0.07,-0.03,0.01,0,0.000000,0.000000,0.0,0,0*
$CANSAT,369,15297,1008.85,31.76,-0.10,-0.00,-0.00,0.90,0.05,0.03,-0.06,0,0.000000,0.000000,0.0,0,0*
$CANSAT,370,15322,1008.85,31.76,-0.10,-0.00,-0.00,0.90,-0.01,0.15,0.01,0,0.000000,0.000000,0.0,0,0*
$CANSAT,371,15347,1008.85,31.77,-0.12,-0.00,-0.00,0.90,-0.01,0.03,0.07,0,0.000000,0.000000,0.0,0,0*
$CANSAT,372,15373,1008.85,31.77,-0.12,-0.00,-0.00,0.90,0.11,0.09,0.01,0,0.000000,0.000000,0.0,0,0*
$CANSAT,373,15398,1008.85,31.77,-0.12,-0.00,-0.00,0.90,-0.01,0.09,0.01,0,0.000000,0.000000,0.0,0,0*
$CANSAT,374,15423,1008.85,31.77,-0.12,-0.00,-0.00,0.90,-0.07,0.09,0.01,0,0.000000,0.000000,0.0,0,0*
$CANSAT,375,15448,1008.85,31.77,-0.09,-0.00,-0.00,0.90,0.05,0.03,0.01,0,0.000000,0.000000,0.0,0,0*
$CANSAT,376,15473,1008.85,31.77,-0.09,-0.00,-0.00,0.90,0.05,0.09,0.01,0,0.000000,0.000000,0.0,0,0*
$CANSAT,377,15498,1008.85,31.77,-0.09,-0.00,-0.00,0.90,-0.01,0.03,0.01,0,0.000000,0.000000,0.0,0,0*
$CANSAT,378,15523,1008.85,31.77,-0.09,-0.00,-0.00,0.90,0.05,-0.03,0.13,0,0.000000,0.000000,0.0,0,0*
$CANSAT,379,15548,1008.85,31.77,-0.15,-0.00,-0.00,0.90,-0.01,0.15,0.01,0,0.000000,0.000000,0.0,0,0*
$CANSAT,380,15573,1008.85,31.77,-0.15,-0.00,-0.00,0.90,-0.01,0.09,0.01,0,0.000000,0.000000,0.0,0,0*
$CANSAT,381,15598,1008.85,31.77,-0.15,-0.00,-0.00,0.90,0.05,0.09,0.07,0,0.000000,0.000000,0.0,0,0*
$CANSAT,382,15624,1008.85,31.77,0.09,-0.00,-0.00,0.90,-0.01,0.03,0.01,0,0.000000,0.000000,0.0,0,0*
$CANSAT,383,15649,1008.82,31.77,0.09,-0.01,-0.00,0.90,-0.01,0.03,-0.06,0,0.000000,0.000000,0.0,0,0*
$CANSAT,384,15674,1008.82,31.77,0.09,-0.00,-0.00,0.90,0.11,0.03,0.01,0,0.000000,0.000000,0.0,0,0*
$CANSAT,385,15699,1008.82,31.77,0.09,-0.00,-0.00,0.90,-0.01,0.09,-0.06,0,0.000000,0.000000,0.0,0,0*
$CANSAT,386,15724,1008.84,31.77,-0.04,-0.00,-0.00,0.90,0.05,0.03,0.07,0,0.000000,0.000000,0.0,0,0*
$CANSAT,387,15749,1008.84,31.77,-0.04,-0.00,-0.00,0.90,0.05,0.09,0.07,0,0.000000,0.000000,0.0,0,0*
$CANSAT,388,15774,1008.84,31.77,-0.04,-0.00,-0.00,0.90,0.05,0.09,0.07,0,0.000000,0.000000,0.0,0,0*
$CANSAT,389,15799,1008.84,31.77,-0.04,-0.00,-0.00,0.90,-0.01,0.03,0.01,0,0.000000,0.000000,0.0,0,0*
$CANSAT,390,15824,1008.85,31.78,-0.17,-0.00,-0.00,0.90,0.05,0.03,-0.06,0,0.000000,0.000000,0.0,0,0*
$CANSAT,391,15849,1008.85,31.78,-0.17,-0.00,-0.00,0.90,-0.01,0.03,0.01,0,0.000000,0.000000,0.0,0,0*
$CANSAT,392,15875,1008.85,31.78,-0.17,-0.00,-0.01,0.90,-0.01,0.09,0.01,0,0.000000,0.000000,0.0,0,0*
$CANSAT,393,15900,1008.85,31.78,-0.17,-0.00,-0.00,0.90,-0.01,0.03,0.01,0,0.000000,0.000000,0.0,0,0*
$CANSAT,394,15925,1008.88,31.78,-0.39,-0.00,-0.00,0.90,0.05,0.03,0.01,0,0.000000,0.000000,0.0,0,0*
$CANSAT,395,15950,1008.88,31.78,-0.39,-0.00,-0.00,0.90,-0.01,-0.03,0.07,0,0.000000,0.000000,0.0,0,0*
$CANSAT,396,15975,1008.88,31.78,-0.39,-0.00,-0.00,0.90,0.05,0.09,0.13,0,0.000000,0.000000,0.0,0,0*
$CANSAT,397,16000,1008.88,31.78,-0.39,-0.00,-0.00,0.90,-0.01,-0.03,0.01,0,0.000000,0.000000,0.0,0,0*
$CANSAT,398,16025,1008.88,31.78,-0.36,-0.00,-0.00,0.90,0.05,0.03,0.01,0,0.000000,0.000000,0.0,0,0*
$CANSAT,399,16050,1008.88,31.78,-0.36,-0.00,-0.00,0.90,-0.01,0.09,0.01,0,0.000000,0.000000,0.0,0,0*
$CANSAT,400,16075,1008.88,31.78,-0.36,-0.01,-0.00,0.90,-0.01,0.09,0.01,0,0.000000,0.000000,0.0,0,0*
$CANSAT,401,16100,1008.88,31.78,-0.36,-0.00,-0.00,0.90,-0.01,-0.03,0.07,0,0.000000,0.000000,0.0,0,0*
$CANSAT,402,16126,1008.84,31.78,-0.05,-0.01,-0.00,0.90,-0.13,0.09,0.01,0,0.000000,0.000000,0.0,0,0*
$CANSAT,403,16151,1008.84,31.78,-0.05,-0.00,-0.00,0.90,-0.07,0.03,0.01,0,0.000000,0.000000,0.0,0,0*
$CANSAT,404,16176,1008.84,31.78,-0.05,-0.00,-0.00,0.90,0.11,0.09,-0.06,0,0.000000,0.000000,0.0,0,0*
$CANSAT,405,16201,1008.84,31.78,-0.05,-0.00,-0.00,0.90,-0.07,0.09,0.07,0,0.000000,0.000000,0.0,0,0*
$CANSAT,406,16226,1008.88,31.78,-0.38,-0.00,-0.00,0.90,0.05,0.09,0.01,0,0.000000,0.000000,0.0,0,0*
$CANSAT,407,16251,1008.88,31.78,-0.38,-0.00,-0.00,0.90,-0.01,0.09,0.01,0,0.000000,0.000000,0.0,0,0*
$CANSAT,408,16276,1008.88,31.78,-0.38,-0.00,-0.00,0.90,-0.07,0.09,0.07,0,0.000000,0.000000,0.0,0,0*
$CANSAT,409,16301,1008.88,31.78,-0.38,-0.00,-0.00,0.90,0.05,0.09,0.07,0,0.000000,0.000000,0.0,0,0*
$CANSAT,410,16326,1008.84,31.78,-0.08,-0.00,-0.00,0.90,-0.01,0.09,0.01,0,0.000000,0.000000,0.0,0,0*
$CANSAT,411,16351,1008.84,31.78,-0.08,-0.00,-0.00,0.90,-0.01,0.03,0.01,0,0.000000,0.000000,0.0,0,0*
$CANSAT,412,16377,1008.84,31.78,-0.08,-0.00,-0.00,0.90,0.05,0.03,0.01,0,0.000000,0.000000,0.0,0,0*
$CANSAT,413,16402,1008.84,31.78,-0.08,-0.00,-0.00,0.90,-0.07,-0.10,0.01,0,0.000000,0.000000,0.0,0,0*
$CANSAT,414,16427,1008.87,31.78,-0.33,-0.00,-0.00,0.90,-0.01,0.03,0.07,0,0.000000,0.000000,0.0,0,0*
$CANSAT,415,16452,1008.87,31.78,-0.33,-0.00,-0.00,0.90,-0.01,0.03,0.07,0,0.000000,0.000000,0.0,0,0*
$CANSAT,416,16477,1008.87,31.78,-0.33,-0.00,-0.00,0.90,0.05,0.03,0.07,0,0.000000,0.000000,0.0,0,0*
$CANSAT,417,16502,1008.87,31.78,-0.33,-0.00,-0.00,0.90,-0.01,0.09,0.13,0,0.000000,0.000000,0.0,0,0*
$CANSAT,418,16527,1008.85,31.78,-0.15,-0.00,-0.00,0.90,-0.07,0.03,0.07,0,0.000000,0.000000,0.0,0,0*
$CANSAT,419,16552,1008.85,31.78,-0.15,-0.00,-0.00,0.90,-0.01,0.09,-0.06,0,0.000000,0.000000,0.0,0,0*
$CANSAT,420,16577,1008.85,31.78,-0.15,-0.00,-0.00,0.90,0.05,-0.03,0.01,0,0.000000,0.000000,0.0,0,0*
$CANSAT,421,16602,1008.85,31.78,-0.18,-0.00,-0.00,0.90,-0.07,-0.03,0.01,0,0.000000,0.000000,0.0,0,0*
$CANSAT,422,16628,1008.86,31.78,-0.18,-0.01,-0.00,0.90,-0.01,0.09,0.01,0,0.000000,0.000000,0.0,0,0*
$CANSAT,423,16653,1008.86,31.78,-0.18,-0.00,-0.00,0.90,0.05,-0.03,0.01,0,0.000000,0.000000,0.0,0,0*
$CANSAT,424,16678,1008.86,31.78,-0.18,-0.00,-0.00,0.90,-0.01,0.03,0.01,0,0.000000,0.000000,0.0,0,0*
$CANSAT,425,16703,1008.87,31.79,-0.29,-0.00,-0.00,0.90,-0.01,0.09,0.01,0,0.000000,0.000000,0.0,0,0*
$CANSAT,426,16728,1008.87,31.79,-0.29,-0.00,-0.00,0.90,-0.07,0.03,-0.06,0,0.000000,0.000000,0.0,0,0*
$CANSAT,427,16753,1008.87,31.79,-0.29,-0.00,-0.00,0.90,-0.07,-0.03,0.01,0,0.000000,0.000000,0.0,0,0*
$CANSAT,428,16778,1008.87,31.79,-0.29,-0.00,-0.00,0.90,0.05,0.03,-0.06,0,0.000000,0.000000,0.0,0,0*
$CANSAT,429,16803,1008.86,31.78,-0.24,-0.00,-0.00,0.90,-0.01,-0.03,-0.06,0,0.000000,0.000000,0.0,0,0*
$CANSAT,430,16828,1008.86,31.78,-0.24,-0.00,-0.00,0.90,-0.01,0.03,0.01,0,0.000000,0.000000,0.0,0,0*
$CANSAT,431,16853,1008.86,31.78,-0.24,-0.00,-0.00,0.90,-0.01,0.09,0.07,0,0.000000,0.000000,0.0,0,0*
$CANSAT,432,16879,1008.86,31.78,-0.24,-0.00,-0.00,0.90,-0.07,0.03,0.01,0,0.000000,0.000000,0.0,0,0*
$CANSAT,433,16904,1008.89,31.79,-0.43,-0.00,-0.00,0.90,-0.01,0.09,0.01,0,0.000000,0.000000,0.0,0,0*
$CANSAT,434,16929,1008.89,31.79,-0.43,-0.00,-0.00,0.90,0.05,0.15,-0.06,0,0.000000,0.000000,0.0,0,0*
$CANSAT,435,16954,1008.89,31.79,-0.43,-0.00,-0.00,0.90,0.05,0.09,0.01,0,0.000000,0.000000,0.0,0,0*
$CANSAT,436,16979,1008.89,31.79,-0.43,-0.01,-0.00,0.90,-0.01,0.09,0.07,0,0.000000,0.000000,0.0,0,0*
$CANSAT,437,17004,1008.86,31.78,-0.26,-0.00,-0.00,0.90,-0.07,0.03,-0.06,0,0.000000,0.000000,0.0,0,0*
$CANSAT,438,17029,1008.86,31.78,-0.26,-0.00,-0.00,0.90,-0.01,0.09,0.01,0,0.000000,0.000000,0.0,0,0*
$CANSAT,439,17054,1008.86,31.78,-0.26,-0.00,-0.00,0.90,0.05,-0.03,0.07,0,0.000000,0.000000,0.0,0,0*
$CANSAT,440,17079,1008.86,31.78,-0.26,-0.00,-0.00,0.90,-0.13,0.03,0.01,0,0.000000,0.000000,0.0,0,0*
$CANSAT,441,17104,1008.87,31.79,-0.29,-0.00,-0.00,0.90,-0.07,0.09,0.07,0,0.000000,0.000000,0.0,0,0*
$CANSAT,442,17130,1008.87,31.79,-0.29,-0.00,-0.00,0.90,-0.01,0.03,-0.06,0,0.000000,0.000000,0.0,0,0*
$CANSAT,443,17155,1008.87,31.79,-0.29,-0.00,-0.00,0.90,0.05,0.09,0.01,0,0.000000,0.000000,0.0,0,0*
$CANSAT,444,17180,1008.87,31.79,-0.29,-0.00,-0.00,0.90,-0.07,0.03,0.07,0,0.000000,0.000000,0.0,0,0*
$CANSAT,445,17205,1008.86,31.79,-0.21,-0.00,-0.00,0.90,-0.01,0.03,0.01,0,0.000000,0.000000,0.0,0,0*
$CANSAT,446,17230,1008.86,31.79,-0.21,-0.00,-0.00,0.90,-0.07,0.09,-0.06,0,0.000000,0.000000,0.0,0,0*
$CANSAT,447,17255,1008.86,31.79,-0.21,-0.00,-0.00,0.90,-0.01,0.03,-0.06,0,0.000000,0.000000,0.0,0,0*
$CANSAT,448,17280,1008.86,31.79,-0.21,-0.00,-0.00,0.90,-0.01,0.09,0.01,0,0.000000,0.000000,0.0,0,0*
$CANSAT,449,17305,1008.86,31.78,-0.18,-0.00,-0.00,0.90,0.05,0.03,-0.06,0,0.000000,0.000000,0.0,0,0*
$CANSAT,450,17330,1008.86,31.78,-0.18,-0.00,-0.00,0.90,0.17,0.03,0.01,0,0.000000,0.000000,0.0,0,0*
$CANSAT,451,17355,1008.86,31.78,-0.18,-0.00,-0.00,0.90,-0.01,0.09,0.01,0,0.000000,0.000000,0.0,0,0*
$CANSAT,452,17381,1008.86,31.78,-0.18,-0.00,-0.00,0.90,0.05,0.03,0.07,0,0.000000,0.000000,0.0,0,0*
$CANSAT,453,17406,1008.88,31.78,-0.41,-0.00,-0.00,0.90,-0.07,0.03,0.01,0,0.000000,0.000000,0.0,0,0*
$CANSAT,454,17431,1008.88,31.78,-0.41,-0.00,-0.00,0.90,0.05,0.09,0.01,0,0.000000,0.000000,0.0,0,0*
$CANSAT,455,17456,1008.88,31.78,-0.41,-0.00,-0.00,0.90,-0.07,0.03,0.01,0,0.000000,0.000000,0.0,0,0*
$CANSAT,456,17481,1008.88,31.78,-0.41,-0.00,-0.00,0.90,-0.01,0.03,0.01,0,0.000000,0.000000,0.0,0,0*
$CANSAT,457,17506,1008.85,31.79,-0.14,-0.00,-0.00,0.90,-0.07,0.03,0.01,0,0.000000,0.000000,0.0,0,0*
$CANSAT,458,17531,1008.85,31.79,-0.14,-0.00,-0.00,0.90,-0.13,0.03,0.01,0,0.000000,0.000000,0.0,0,0*
$CANSAT,459,17556,1008.85,31.79,-0.14,-0.00,-0.00,0.90,0.05,0.03,-0.06,0,0.000000,0.000000,0.0,0,0*
$CANSAT,460,17581,1008.85,31.79,-0.30,-0.01,-0.00,0.90,-0.01,0.03,0.07,0,0.000000,0.000000,0.0,0,0*
$CANSAT,461,17606,1008.87,31.79,-0.30,-0.00,-0.00,0.90,-0.07,0.03,0.01,0,0.000000,0.000000,0.0,0,0*
$CANSAT,462,17632,1008.87,31.79,-0.30,-0.00,-0.00,0.90,0.05,0.09,0.01,0,0.000000,0.000000,0.0,0,0*
$CANSAT,463,17657,1008.87,31.79,-0.30,-0.00,-0.00,0.90,0.11,0.09,0.07,0,0.000000,0.000000,0.0,0,0*
$CANSAT,464,17682,1008.86,31.79,-0.23,-0.00,-0.00,0.90,-0.07,0.09,0.01,0,0.000000,0.000000,0.0,0,0*
$CANSAT,465,17707,1008.86,31.79,-0.23,-0.00,-0.00,0.90,0.05,0.03,0.07,0,0.000000,0.000000,0.0,0,0*
$CANSAT,466,17732,1008.86,31.79,-0.23,-0.00,-0.00,0.90,0.17,-0.03,0.07,0,0.000000,0.000000,0.0,0,0*
$CANSAT,467,17757,1008.86,31.79,-0.23,-0.00,-0.00,0.90,0.05,0.03,0.01,0,0.000000,0.000000,0.0,0,0*
$CANSAT,468,17782,1008.89,31.79,-0.49,-0.00,-0.00,0.90,-0.01,0.09,-0.06,0,0.000000,0.000000,0.0,0,0*
$CANSAT,469,17807,1008.89,31.79,-0.49,-0.00,-0.00,0.90,-0.01,-0.03,-0.06,0,0.000000,0.000000,0.0,0,0*
$CANSAT,470,17832,1008.89,31.79,-0.49,-0.00,-0.01,0.90,0.05,0.09,-0.06,0,0.000000,0.000000,0.0,0,0*
$CANSAT,471,17857,1008.89,31.79,-0.49,-0.00,-0.00,0.90,-0.01,0.09,-0.06,0,0.000000,0.000000,0.0,0,0*
$CANSAT,472,17883,1008.86,31.79,-0.24,-0.00,-0.00,0.90,-0.01,0.09,0.01,0,0.000000,0.000000,0.0,0,0*
$CANSAT,473,17908,1008.86,31.79,-0.24,-0.00,-0.00,0.90,-0.01,0.15,0.01,0,0.000000,0.000000,0.0,0,0*
$CANSAT,474,17933,1008.86,31.79,-0.24,-0.00,-0.00,0.90,-0.01,0.03,0.01,0,0.000000,0.000000,0.0,0,0*
$CANSAT,475,17958,1008.86,31.79,-0.24,-0.00,-0.00,0.90,-0.07,0.03,-0.06,0,0.000000,0.000000,0.0,0,0*
$CANSAT,476,17983,1008.87,31.79,-0.32,-0.00,-0.00,0.90,0.05,0.03,0.01,0,0.000000,0.000000,0.0,0,0*
$CANSAT,477,18008,1008.87,31.79,-0.32,-0.00,-0.00,0.90,-0.01,0.03,0.07,0,0.000000,0.000000,0.0,0,0*
$CANSAT,478,18033,1008.87,31.79,-0.32,-0.00,-0.00,0.90,-0.01,0.03,0.01,0,0.000000,0.000000,0.0,0,0*
$CANSAT,479,18058,1008.87,31.79,-0.32,0.00,-0.00,0.90,0.05,-0.03,0.07,0,0.000000,0.000000,0.0,0,0*
$CANSAT,480,18083,1008.85,31.79,-0.11,-0.00,-0.00,0.90,-0.01,-0.03,0.07,0,0.000000,0.000000,0.0,0,0*
$CANSAT,481,18108,1008.85,31.79,-0.11,-0.00,-0.00,0.90,0.05,0.03,-0.06,0,0.000000,0.000000,0.0,0,0*
$CANSAT,482,18134,1008.85,31.79,-0.11,-0.00,-0.00,0.90,-0.01,-0.03,0.01,0,0.000000,0.000000,0.0,0,0*
$CANSAT,483,18159,1008.85,31.79,-0.11,-0.00,-0.00,0.90,-0.07,0.03,0.01,0,0.000000,0.000000,0.0,0,0*
$CANSAT,484,18184,1008.85,31.79,-0.14,-0.00,-0.00,0.90,-0.01,0.03,0.01,0,0.000000,0.000000,0.0,0,0*
$CANSAT,485,18209,1008.85,31.79,-0.14,-0.00,-0.00,0.90,0.05,0.03,0.01,0,0.000000,0.000000,0.0,0,0*
$CANSAT,486,18234,1008.85,31.79,-0.14,-0.00,-0.00,0.90,-0.07,0.03,0.01,0,0.000000,0.000000,0.0,0,0*
$CANSAT,487,18259,1008.85,31.79,-0.14,-0.00,-0.00,0.90,-0.01,0.03,0.01,0,0.000000,0.000000,0.0,0,0*
$CANSAT,488,18284,1008.86,31.79,-0.20,-0.00,-0.00,0.90,-0.01,0.09,0.01,0,0.000000,0.000000,0.0,0,0*
$CANSAT,489,18309,1008.86,31.79,-0.20,0.00,-0.00,0.90,0.11,0.03,0.01,0,0.000000,0.000000,0.0,0,0*
$CANSAT,490,18334,1008.86,31.79,-0.20,-0.00,-0.00,0.90,-0.07,0.09,0.07,0,0.000000,0.000000,0.0,0,0*
$CANSAT,491,18359,1008.86,31.79,-0.20,-0.00,-0.00,0.90,-0.07,-0.03,-0.06,0,0.000000,0.000000,0.0,0,0*
$CANSAT,492,18385,1008.84,31.79,-0.08,-0.00,-0.00,0.90,-0.01,0.09,0.01,0,0.000000,0.000000,0.0,0,0*
$CANSAT,493,18410,1008.84,31.79,-0.08,-0.00,-0.00,0.90,-0.01,0.09,-0.06,0,0.000000,0.000000,0.0,0,0*
$CANSAT,494,18435,1008.84,31.79,-0.08,-0.00,-0.00,0.90,-0.01,-0.03,-0.06,0,0.000000,0.000000,0.0,0,0*
$CANSAT,495,18460,1008.84,31.79,-0.08,-0.00,-0.00,0.90,0.05,-0.03,0.07,0,0.000000,0.000000,0.0,0,0*
$CANSAT,496,18485,1008.88,31.79,-0.35,-0.00,-0.00,0.90,-0.07,-0.03,0.01,0,0.000000,0.000000,0.0,0,0*
$CANSAT,497,18510,1008.88,31.79,-0.35,-0.00,-0.00,0.90,-0.07,0.09,0.07,0,0.000000,0.000000,0.0,0,0*
$CANSAT,498,18535,1008.88,31.79,-0.35,-0.00,-0.00,0.90,-0.01,-0.03,0.01,0,0.000000,0.000000,0.0,0,0*
$CANSAT,499,18560,1008.88,31.79,-0.35,-0.00,-0.00,0.90,-0.07,0.09,0.01,0,0.000000,0.000000,0.0,0,0*
$CANSAT,500,18585,1008.88,31.79,-0.35,-0.00,-0.00,0.90,-0.01,0.03,-0.06,0,0.000000,0.000000,0.0,0,0*
$CANSAT,501,18610,1008.88,31.79,-0.35,-0.00,-0.00,0.90,-0.07,0.03,0.07,0,0.000000,0.000000,0.0,0,0*
$CANSAT,502,18636,1008.88,31.79,-0.35,-0.00,-0.00,0.90,0.05,-0.03,-0.06,0,0.000000,0.000000,0.0,0,0*
$CANSAT,503,18661,1008.86,31.79,-0.23,-0.00,-0.00,0.90,-0.01,0.15,0.01,0,0.000000,0.000000,0.0,0,0*
$CANSAT,504,18686,1008.86,31.79,-0.23,-0.00,-0.00,0.90,-0.01,0.03,-0.06,0,0.000000,0.000000,0.0,0,0*
$CANSAT,505,18711,1008.86,31.79,-0.23,-0.00,-0.00,0.90,-0.07,-0.03,0.01,0,0.000000,0.000000,0.0,0,0*
$CANSAT,506,18736,1008.86,31.79,-0.23,-0.00,-0.00,0.90,-0.13,0.09,-0.06,0,0.000000,0.000000,0.0,0,0*
$CANSAT,507,18761,1008.85,31.79,-0.11,-0.00,-0.01,0.90,-0.01,0.03,-0.06,0,0.000000,0.000000,0.0,0,0*
$CANSAT,508,18786,1008.85,31.79,-0.11,-0.00,-0.00,0.90,-0.07,0.09,0.07,0,0.000000,0.000000,0.0,0,0*
$CANSAT,509,18811,1008.85,31.79,-0.11,-0.00,-0.00,0.90,0.05,0.03,-0.06,0,0.000000,0.000000,0.0,0,0*
$CANSAT,510,18836,1008.85,31.79,-0.11,-0.00,-0.00,0.90,-0.07,-0.03,-0.06,0,0.000000,0.000000,0.0,0,0*
$CANSAT,511,18861,1008.86,31.79,-0.19,-0.00,-0.00,0.90,-0.01,0.09,0.01,0,0.000000,0.000000,0.0,0,0*
$CANSAT,512,18887,1008.86,31.79,-0.19,0.00,-0.00,0.90,-0.01,0.03,0.07,0,0.000000,0.000000,0.0,0,0*
$CANSAT,513,18912,1008.86,31.79,-0.19,-0.00,-0.00,0.90,-0.13,-0.03,0.01,0,0.000000,0.000000,0.0,0,0*
$CANSAT,514,18937,1008.86,31.79,-0.19,-0.00,-0.00,0.90,-0.01,-0.03,-0.06,0,0.000000,0.000000,0.0,0,0*
$CANSAT,515,18962,1008.87,31.79,-0.31,-0.00,-0.00,0.90,0.11,0.03,0.01,0,0.000000,0.000000,0.0,0,0*
$CANSAT,516,18987,1008.87,31.79,-0.31,-0.00,-0.00,0.90,-0.07,0.03,0.01,0,0.000000,0.000000,0.0,0,0*
$CANSAT,517,19012,1008.87,31.79,-0.31,-0.00,-0.00,0.90,0.05,0.03,0.01,0,0.000000,0.000000,0.0,0,0*
$CANSAT,518,19037,1008.87,31.79,-0.31,-0.00,-0.00,0.90,0.05,0.03,0.07,0,0.000000,0.000000,0.0,0,0*
$CANSAT,519,19062,1008.86,31.79,-0.20,-0.00,-0.00,0.90,0.17,0.09,-0.06,0,0.000000,0.000000,0.0,0,0*
$CANSAT,520,19087,1008.86,31.79,-0.20,-0.00,-0.00,0.90,0.05,0.09,-0.06,0,0.000000,0.000000,0.0,0,0*
$CANSAT,521,19112,1008.86,31.79,-0.20,-0.00,-0.00,0.90,0.17,0.03,-0.06,0,0.000000,0.000000,0.0,0,0*
$CANSAT,522,19138,1008.86,31.79,-0.20,-0.00,-0.00,0.90,0.11,0.09,0.07,0,0.000000,0.000000,0.0,0,0*
$CANSAT,523,19163,1008.87,31.80,-0.27,-0.00,-0.00,0.90,-0.01,0.03,-0.06,0,0.000000,0.000000,0.0,0,0*
$CANSAT,524,19188,1008.87,31.80,-0.27,-0.00,-0.00,0.90,-0.01,0.09,0.01,0,0.000000,0.000000,0.0,0,0*
$CANSAT,525,19213,1008.87,31.80,-0.27,-0.01,-0.00,0.90,-0.13,0.15,0.01,0,0.000000,0.000000,0.0,0,0*
$CANSAT,526,19238,1008.87,31.80,-0.27,-0.00,-0.00,0.90,0.05,0.09,0.07,0,0.000000,0.000000,0.0,0,0*
$CANSAT,527,19263,1008.88,31.80,-0.35,-0.00,-0.00,0.90,-0.07,0.09,0.07,0,0.000000,0.000000,0.0,0,0*
$CANSAT,528,19288,1008.88,31.80,-0.35,-0.01,-0.00,0.90,-0.01,0.03,-0.06,0,0.000000,0.000000,0.0,0,0*
$CANSAT,529,19313,1008.88,31.80,-0.35,-0.01,-0.00,0.90,-0.01,0.09,0.01,0,0.000000,0.000000,0.0,0,0*
$CANSAT,530,19338,1008.88,31.80,-0.35,-0.00,-0.00,0.90,0.05,0.15,0.01,0,0.000000,0.000000,0.0,0,0*
$CANSAT,531,19363,1008.89,31.80,-0.48,-0.00,-0.00,0.90,-0.07,-0.03,0.01,0,0.000000,0.000000,0.0,0,0*
$CANSAT,532,19389,1008.89,31.80,-0.48,-0.00,-0.00,0.90,-0.01,-0.03,-0.06,0,0.000000,0.000000,0.0,0,0*
$CANSAT,533,19414,1008.89,31.80,-0.48,-0.00,-0.00,0.90,-0.07,0.03,0.01,0,0.000000,0.000000,0.0,0,0*
$CANSAT,534,19439,1008.89,31.80,-0.39,-0.00,-0.00,0.90,-0.13,-0.03,0.01,0,0.000000,0.000000,0.0,0,0*
$CANSAT,535,19464,1008.88,31.80,-0.39,-0.00,-0.00,0.90,0.05,0.09,0.01,0,0.000000,0.000000,0.0,0,0*
$CANSAT,536,19489,1008.88,31.80,-0.39,-0.00,-0.00,0.90,-0.01,-0.03,0.01,0,0.000000,0.000000,0.0,0,0*
$CANSAT,537,19514,1008.88,31.80,-0.39,-0.00,-0.00,0.90,-0.01,0.09,0.01,0,0.000000,0.000000,0.0,0,0*
$CANSAT,538,19539,1008.84,31.80,-0.04,-0.00,-0.00,0.90,-0.01,0.03,0.01,0,0.000000,0.000000,0.0,0,0*
$CANSAT,539,19564,1008.84,31.80,-0.04,-0.00,-0.01,0.90,0.05,0.09,0.01,0,0.000000,0.000000,0.0,0,0*
$CANSAT,540,19589,1008.84,31.80,-0.04,-0.01,-0.00,0.90,-0.01,0.15,-0.06,0,0.000000,0.000000,0.0,0,0*
$CANSAT,541,19614,1008.84,31.80,-0.04,-0.00,-0.00,0.90,0.05,-0.10,0.01,0,0.000000,0.000000,0.0,0,0*
$CANSAT,542,19640,1008.88,31.80,-0.37,-0.00,-0.00,0.90,-0.07,0.09,0.01,0,0.000000,0.000000,0.0,0,0*
$CANSAT,543,19665,1008.88,31.80,-0.37,-0.00,-0.00,0.90,-0.01,-0.03,0.01,0,0.000000,0.000000,0.0,0,0*
$CANSAT,544,19690,1008.88,31.80,-0.37,-0.00,-0.00,0.90,0.05,-0.10,0.13,0,0.000000,0.000000,0.0,0,0*
$CANSAT,545,19715,1008.88,31.80,-0.37,-0.01,-0.00,0.90,0.05,-0.03,-0.06,0,0.000000,0.000000,0.0,0,0*
$CANSAT,546,19740,1008.85,31.80,-0.15,-0.00,-0.00,0.90,-0.13,0.03,0.01,0,0.000000,0.000000,0.0,0,0*
$CANSAT,547,19765,1008.85,31.80,-0.15,-0.00,-0.00,0.90,-0.01,-0.03,0.07,0,0.000000,0.000000,0.0,0,0*
$CANSAT,548,19790,1008.85,31.80,-0.15,-0.00,-0.00,0.90,0.05,0.03,-0.06,0,0.000000,0.000000,0.0,0,0*
$CANSAT,549,19815,1008.85,31.80,-0.15,-0.00,-0.00,0.90,-0.01,0.03,0.07,0,0.000000,0.000000,0.0,0,0*
$CANSAT,550,19840,1008.86,31.80,-0.24,-0.00,-0.00,0.90,-0.01,0.09,0.01,0,0.000000,0.000000,0.0,0,0*
$CANSAT,551,19865,1008.86,31.80,-0.24,-0.00,-0.00,0.90,-0.07,0.03,0.01,0,0.000000,0.000000,0.0,0,0*
$CANSAT,552,19891,1008.86,31.80,-0.24,-0.00,-0.00,0.90,-0.01,0.03,-0.06,0,0.000000,0.000000,0.0,0,0*
$CANSAT,553,19916,1008.86,31.80,-0.24,-0.00,-0.00,0.90,-0.01,-0.03,0.01,0,0.000000,0.000000,0.0,0,0*
$CANSAT,554,19941,1008.85,31.80,-0.12,-0.00,-0.00,0.90,-0.01,0.03,0.01,0,0.000000,0.000000,0.0,0,0*
$CANSAT,555,19966,1008.85,31.80,-0.12,-0.00,-0.00,0.90,-0.07,-0.10,-0.06,0,0.000000,0.000000,0.0,0,0*
$CANSAT,556,19991,1008.85,31.80,-0.12,-0.00,-0.00,0.90,-0.01,0.09,0.01,0,0.000000,0.000000,0.0,0,0*
$CANSAT,557,20016,1008.85,31.80,-0.12,-0.00,-0.00,0.90,0.05,0.09,0.01,0,0.000000,0.000000,0.0,0,0*
$CANSAT,558,20041,1008.85,31.80,-0.10,-0.00,-0.00,0.90,-0.07,0.09,0.01,0,0.000000,0.000000,0.0,0,0*
$CANSAT,559,20066,1008.85,31.80,-0.10,-0.00,-0.00,0.90,-0.01,0.09,-0.06,0,0.000000,0.000000,0.0,0,0*
$CANSAT,560,20091,1008.85,31.80,-0.10,-0.00,-0.00,0.90,-0.01,0.09,0.07,0,0.000000,0.000000,0.0,0,0*
$CANSAT,561,20116,1008.85,31.80,-0.10,-0.00,-0.00,0.90,-0.01,0.15,0.07,0,0.000000,0.000000,0.0,0,0*
$CANSAT,562,20142,1008.86,31.80,-0.23,-0.00,-0.00,0.90,-0.01,0.09,0.01,0,0.000000,0.000000,0.0,0,0*
$CANSAT,563,20167,1008.86,31.80,-0.23,-0.00,-0.00,0.90,-0.07,-0.03,0.01,0,0.000000,0.000000,0.0,0,0*
$CANSAT,564,20192,1008.86,31.80,-0.23,-0.00,-0.00,0.90,-0.07,0.03,-0.06,0,0.000000,0.000000,0.0,0,0*
$CANSAT,565,20217,1008.86,31.80,-0.23,-0.00,-0.00,0.90,0.05,0.03,0.07,0,0.000000,0.000000,0.0,0,0*
$CANSAT,566,20242,1008.85,31.80,-0.11,-0.00,-0.00,0.90,-0.01,0.03,0.01,0,0.000000,0.000000,0.0,0,0*
$CANSAT,567,20267,1008.85,31.80,-0.11,-0.00,-0.00,0.90,0.05,0.03,-0.06,0,0.000000,0.000000,0.0,0,0*
$CANSAT,568,20292,1008.85,31.80,-0.11,-0.00,-0.00,0.90,-0.01,-0.03,-0.06,0,0.000000,0.000000,0.0,0,0*
$CANSAT,569,20317,1008.85,31.80,-0.11,-0.00,-0.00,0.90,-0.01,-0.03,0.01,0,0.000000,0.000000,0.0,0,0*
$CANSAT,570,20342,1008.87,31.80,-0.28,-0.00,-0.00,0.90,-0.07,0.03,0.07,0,0.000000,0.000000,0.0,0,0*
$CANSAT,571,20367,1008.87,31.80,-0.28,-0.00,-0.00,0.90,-0.07,-0.03,0.07,0,0.000000,0.000000,0.0,0,0*
$CANSAT,572,20393,1008.87,31.80,-0.28,-0.01,-0.00,0.90,-0.01,0.03,0.01,0,0.000000,0.000000,0.0,0,0*
$CANSAT,573,20418,1008.87,31.80,0.13,-0.00,-0.00,0.90,-0.01,0.03,0.01,0,0.000000,0.000000,0.0,0,0*
$CANSAT,574,20443,1008.82,31.80,0.13,-0.00,-0.00,0.90,0.05,-0.03,0.01,0,0.000000,0.000000,0.0,0,0*
$CANSAT,575,20468,1008.82,31.80,0.13,-0.00,-0.00,0.90,-0.01,0.09,0.01,0,0.000000,0.000000,0.0,0,0*
$CANSAT,576,20493,1008.82,31.80,0.13,-0.00,-0.00,0.90,-0.01,0.03,0.01,0,0.000000,0.000000,0.0,0,0*
$CANSAT,577,20518,1008.86,31.80,-0.27,-0.00,-0.00,0.90,-0.01,0.03,0.01,0,0.000000,0.000000,0.0,0,0*
$CANSAT,578,20543,1008.87,31.80,-0.27,-0.00,-0.00,0.90,-0.01,-0.03,-0.06,0,0.000000,0.000000,0.0,0,0*
$CANSAT,579,20568,1008.87,31.80,-0.27,-0.00,-0.00,0.90,-0.13,-0.03,-0.06,0,0.000000,0.000000,0.0,0,0*
$CANSAT,580,20593,1008.87,31.80,-0.27,-0.00,-0.00,0.90,-0.13,-0.03,0.01,0,0.000000,0.000000,0.0,0,0*
$CANSAT,581,20618,1008.88,31.80,-0.38,-0.00,-0.00,0.90,-0.01,0.03,0.01,0,0.000000,0.000000,0.0,0,0*
$CANSAT,582,20644,1008.88,31.80,-0.38,-0.00,-0.00,0.90,0.11,0.03,0.01,0,0.000000,0.000000,0.0,0,0*
$CANSAT,583,20669,1008.88,31.80,-0.38,-0.00,-0.00,0.90,0.05,0.15,0.01,0,0.000000,0.000000,0.0,0,0*
$CANSAT,584,20694,1008.88,31.80,-0.38,-0.00,-0.00,0.90,0.05,0.03,0.01,0,0.000000,0.000000,0.0,0,0*
$CANSAT,585,20719,1008.85,31.81,-0.11,-0.00,-0.00,0.90,0.05,-0.03,-0.06,0,0.000000,0.000000,0.0,0,0*
$CANSAT,586,20744,1008.85,31.81,-0.11,-0.00,-0.00,0.90,-0.01,-0.03,0.01,0,0.000000,0.000000,0.0,0,0*
$CANSAT,587,20769,1008.85,31.81,-0.11,-0.00,-0.00,0.90,-0.07,0.03,0.01,0,0.000000,0.000000,0.0,0,0*
$CANSAT,588,20794,1008.85,31.81,-0.11,-0.00,-0.00,0.90,-0.07,0.03,0.07,0,0.000000,0.000000,0.0,0,0*
$CANSAT,589,20819,1008.84,31.81,-0.03,-0.00,-0.00,0.90,0.05,0.03,-0.06,0,0.000000,0.000000,0.0,0,0*
$CANSAT,590,20844,1008.84,31.81,-0.03,-0.00,-0.00,0.90,-0.01,0.09,0.07,0,0.000000,0.000000,0.0,0,0*
$CANSAT,591,20869,1008.84,31.81,-0.03,-0.00,-0.00,0.90,0.05,0.09,-0.12,0,0.000000,0.000000,0.0,0,0*
$CANSAT,592,20895,1008.84,31.81,-0.03,-0.00,-0.00,0.90,-0.13,0.03,0.07,0,0.000000,0.000000,0.0,0,0*
$CANSAT,593,20920,1008.86,31.81,-0.25,-0.00,-0.00,0.90,-0.01,0.09,0.07,0,0.000000,0.000000,0.0,0,0*
$CANSAT,594,20945,1008.86,31.81,-0.25,-0.00,-0.00,0.90,-0.07,0.03,0.01,0,0.000000,0.000000,0.0,0,0*
$CANSAT,595,20970,1008.86,31.81,-0.25,-0.00,-0.00,0.90,-0.01,-0.03,-0.06,0,0.000000,0.000000,0.0,0,0*
$CANSAT,596,20995,1008.86,31.81,-0.25,-0.00,-0.00,0.90,0.05,0.03,0.07,0,0.000000,0.000000,0.0,0,0*
$CANSAT,597,21020,1008.87,31.81,-0.26,-0.00,-0.00,0.90,-0.01,-0.10,0.01,0,0.000000,0.000000,0.0,0,0*
$CANSAT,598,21045,1008.87,31.81,-0.26,-0.00,-0.00,0.90,-0.07,-0.03,0.01,0,0.000000,0.000000,0.0,0,0*
$CANSAT,599,21070,1008.87,31.81,-0.26,-0.00,-0.00,0.90,-0.01,0.09,0.01,0,0.000000,0.000000,0.0,0,0*
$CANSAT,600,21095,1008.87,31.81,-0.26,-0.00,-0.00,0.90,-0.13,0.09,0.01,0,0.000000,0.000000,0.0,0,0*
$CANSAT,601,21120,1008.87,31.80,-0.27,-0.00,-0.00,0.90,-0.01,0.03,0.07,0,0.000000,0.000000,0.0,0,0*
$CANSAT,602,21146,1008.87,31.80,-0.27,-0.00,-0.00,0.90,-0.07,0.03,0.07,0,0.000000,0.000000,0.0,0,0*
$CANSAT,603,21171,1008.87,31.80,-0.27,-0.00,-0.00,0.90,-0.07,0.09,0.01,0,0.000000,0.000000,0.0,0,0*
$CANSAT,604,21196,1008.87,31.80,-0.27,-0.00,-0.00,0.90,-0.07,-0.03,0.01,0,0.000000,0.000000,0.0,0,0*
$CANSAT,605,21221,1008.88,31.81,-0.37,-0.00,-0.00,0.90,0.05,0.09,0.01,0,0.000000,0.000000,0.0,0,0*
$CANSAT,606,21246,1008.88,31.81,-0.37,-0.01,-0.00,0.90,-0.07,-0.03,0.07,0,0.000000,0.000000,0.0,0,0*
$CANSAT,607,21271,1008.88,31.81,-0.37,-0.00,-0.00,0.90,-0.01,0.03,0.01,0,0.000000,0.000000,0.0,0,0*
$CANSAT,608,21296,1008.88,31.81,-0.37,-0.00,-0.00,0.90,-0.01,0.03,-0.06,0,0.000000,0.000000,0.0,0,0*
$CANSAT,609,21321,1008.87,31.81,-0.33,-0.00,-0.00,0.90,0.17,0.09,0.01,0,0.000000,0.000000,0.0,0,0*
$CANSAT,610,21346,1008.87,31.81,-0.33,-0.00,-0.00,0.90,0.17,0.03,0.01,0,0.000000,0.000000,0.0,0,0*
$CANSAT,611,21371,1008.87,31.81,-0.33,-0.00,-0.00,0.90,0.05,0.03,-0.06,0,0.000000,0.000000,0.0,0,0*
$CANSAT,612,21397,1008.87,31.81,-0.21,-0.00,-0.00,0.90,-0.01,0.09,0.07,0,0.000000,0.000000,0.0,0,0*
$CANSAT,613,21422,1008.86,31.82,-0.21,-0.00,-0.00,0.90,-0.01,0.03,0.01,0,0.000000,0.000000,0.0,0,0*
$CANSAT,614,21447,1008.86,31.82,-0.21,-0.00,-0.00,0.90,0.05,0.03,-0.06,0,0.000000,0.000000,0.0,0,0*
$CANSAT,615,21472,1008.86,31.82,-0.21,-0.00,-0.00,0.90,-0.07,0.03,0.07,0,0.000000,0.000000,0.0,0,0*
$CANSAT,616,21497,1008.85,31.82,-0.15,-0.00,-0.00,0.90,-0.01,0.09,-0.06,0,0.000000,0.000000,0.0,0,0*
$CANSAT,617,21522,1008.85,31.82,-0.15,-0.00,-0.00,0.90,-0.01,-0.03,0.01,0,0.000000,0.000000,0.0,0,0*
$CANSAT,618,21547,1008.85,31.82,-0.15,-0.00,-0.00,0.90,0.05,0.09,0.01,0,0.000000,0.000000,0.0,0,0*
$CANSAT,619,21572,1008.85,31.82,-0.15,-0.01,-0.00,0.90,-0.07,0.03,0.01,0,0.000000,0.000000,0.0,0,0*
$CANSAT,620,21597,1008.87,31.81,-0.33,-0.00,-0.00,0.90,-0.01,-0.03,0.01,0,0.000000,0.000000,0.0,0,0*
$CANSAT,621,21622,1008.87,31.81,-0.33,-0.00,-0.00,0.90,0.05,0.09,0.13,0,0.000000,0.000000,0.0,0,0*
$CANSAT,622,21648,1008.87,31.81,-0.33,-0.00,-0.00,0.90,-0.07,0.09,-0.06,0,0.000000,0.000000,0.0,0,0*
$CANSAT,623,21673,1008.87,31.81,-0.33,-0.00,-0.00,0.90,-0.07,0.09,0.01,0,0.000000,0.000000,0.0,0,0*
$CANSAT,624,21698,1008.87,31.82,-0.29,-0.00,-0.00,0.90,-0.01,0.09,0.07,0,0.000000,0.000000,0.0,0,0*
$CANSAT,625,21723,1008.87,31.82,-0.29,-0.00,-0.00,0.90,-0.01,0.03,-0.06,0,0.000000,0.000000,0.0,0,0*
$CANSAT,626,21748,1008.87,31.82,-0.29,-0.00,-0.00,0.90,-0.01,-0.03,-0.06,0,0.000000,0.000000,0.0,0,0*
$CANSAT,627,21773,1008.87,31.82,-0.29,-0.00,-0.00,0.90,-0.01,0.03,0.01,0,0.000000,0.000000,0.0,0,0*
$CANSAT,628,21798,1008.87,31.81,-0.27,-0.00,-0.00,0.90,-0.01,0.03,0.01,0,0.000000,0.000000,0.0,0,0*
$CANSAT,629,21823,1008.87,31.81,-0.27,-0.00,-0.00,0.90,0.17,0.03,0.01,0,0.000000,0.000000,0.0,0,0*
$CANSAT,630,21848,1008.87,31.81,-0.27,-0.00,-0.00,0.90,-0.01,0.03,-0.06,0,0.000000,0.000000,0.0,0,0*
$CANSAT,631,21873,1008.87,31.81,-0.27,-0.00,-0.00,0.90,-0.01,0.03,0.01,0,0.000000,0.000000,0.0,0,0*
$CANSAT,632,21899,1008.89,31.82,-0.47,-0.01,-0.00,0.90,-0.07,0.03,0.01,0,0.000000,0.000000,0.0,0,0*
$CANSAT,633,21924,1008.89,31.82,-0.47,-0.00,-0.00,0.90,-0.01,0.09,0.01,0,0.000000,0.000000,0.0,0,0*
$CANSAT,634,21949,1008.89,31.82,-0.47,-0.00,-0.00,0.90,-0.01,-0.03,0.07,0,0.000000,0.000000,0.0,0,0*
$CANSAT,635,21974,1008.89,31.82,-0.47,-0.00,-0.00,0.90,-0.07,0.15,0.01,0,0.000000,0.000000,0.0,0,0*
$CANSAT,636,21999,1008.87,31.82,-0.27,-0.00,-0.00,0.90,0.05,0.09,0.07,0,0.000000,0.000000,0.0,0,0*
$CANSAT,637,22024,1008.87,31.82,-0.27,-0.00,-0.00,0.90,0.05,0.09,0.01,0,0.000000,0.000000,0.0,0,0*
$CANSAT,638,22049,1008.87,31.82,-0.27,-0.00,-0.00,0.90,-0.01,0.03,-0.06,0,0.000000,0.000000,0.0,0,0*
$CANSAT,639,22074,1008.87,31.82,-0.27,-0.00,-0.00,0.90,-0.01,0.03,0.01,0,0.000000,0.000000,0.0,0,0*
$CANSAT,640,22099,1008.90,31.82,-0.53,-0.00,-0.00,0.90,-0.01,0.09,0.01,0,0.000000,0.000000,0.0,0,0*
$CANSAT,641,22124,1008.90,31.82,-0.53,-0.00,-0.00,0.90,-0.01,0.03,0.07,0,0.000000,0.000000,0.0,0,0*
$CANSAT,642,22150,1008.90,31.82,-0.53,-0.00,-0.00,0.90,-0.01,0.03,-0.06,0,0.000000,0.000000,0.0,0,0*
$CANSAT,643,22175,1008.90,31.82,-0.53,-0.00,-0.00,0.90,-0.13,0.09,0.01,0,0.000000,0.000000,0.0,0,0*
$CANSAT,644,22200,1008.88,31.82,-0.35,-0.00,-0.00,0.90,-0.01,0.03,0.01,0,0.000000,0.000000,0.0,0,0*
$CANSAT,645,22225,1008.88,31.82,-0.35,-0.00,-0.00,0.90,-0.07,-0.03,0.07,0,0.000000,0.000000,0.0,0,0*
$CANSAT,646,22250,1008.88,31.82,-0.35,-0.00,-0.00,0.90,0.05,0.03,0.07,0,0.000000,0.000000,0.0,0,0*
$CANSAT,647,22275,1008.88,31.82,-0.35,-0.00,-0.00,0.90,0.05,0.03,-0.06,0,0.000000,0.000000,0.0,0,0*
$CANSAT,648,22300,1008.91,31.82,-0.61,-0.00,-0.00,0.90,-0.07,0.03,0.07,0,0.000000,0.000000,0.0,0,0*
$CANSAT,649,22325,1008.91,31.82,-0.61,-0.00,-0.00,0.90,0.24,-0.10,0.01,0,0.000000,0.000000,0.0,0,0*
$CANSAT,650,22350,1008.91,31.82,-0.61,-0.00,-0.00,0.90,-0.07,-0.10,0.01,0,0.000000,0.000000,0.0,0,0*
$CANSAT,651,22375,1008.91,31.82,-0.15,-0.00,-0.00,0.90,0.05,0.03,0.01,0,0.000000,0.000000,0.0,0,0*
$CANSAT,652,22401,1008.84,31.82,-0.09,-0.00,-0.00,0.90,-0.07,-0.03,-0.06,0,0.000000,0.000000,0.0,0,0*
$CANSAT,653,22426,1008.84,31.82,-0.09,-0.00,-0.00,0.90,-0.07,-0.03,0.01,0,0.000000,0.000000,0.0,0,0*
$CANSAT,654,22451,1008.84,31.82,-0.09,-0.00,-0.00,0.90,0.05,-0.03,0.01,0,0.000000,0.000000,0.0,0,0*
$CANSAT,655,22476,1008.87,31.82,-0.32,-0.00,-0.00,0.90,-0.07,-0.10,0.13,0,0.000000,0.000000,0.0,0,0*
$CANSAT,656,22501,1008.87,31.82,-0.32,-0.00,-0.00,0.90,-0.07,0.09,0.07,0,0.000000,0.000000,0.0,0,0*
$CANSAT,657,22526,1008.87,31.82,-0.32,-0.00,-0.00,0.90,0.05,0.03,0.01,0,0.000000,0.000000,0.0,0,0*
$CANSAT,658,22551,1008.87,31.82,-0.32,-0.00,-0.00,0.90,-0.13,0.09,-0.06,0,0.000000,0.000000,0.0,0,0*
$CANSAT,659,22576,1008.87,31.82,-0.27,-0.00,-0.00,0.90,-0.01,-0.03,0.01,0,0.000000,0.000000,0.0,0,0*
$CANSAT,660,22601,1008.87,31.82,-0.27,-0.00,-0.00,0.90,-0.01,0.03,0.01,0,0.000000,0.000000,0.0,0,0*
$CANSAT,661,22626,1008.87,31.82,-0.27,-0.00,-0.00,0.90,-0.01,0.03,0.01,0,0.000000,0.000000,0.0,0,0*
$CANSAT,662,22652,1008.87,31.82,-0.27,-0.00,-0.00,0.90,-0.01,0.09,0.01,0,0.000000,0.000000,0.0,0,0*
$CANSAT,663,22677,1008.85,31.82,-0.15,-0.00,-0.00,0.90,-0.01,0.03,0.01,0,0.000000,0.000000,0.0,0,0*
$CANSAT,664,22702,1008.85,31.82,-0.15,-0.00,-0.00,0.90,-0.07,0.09,0.01,0,0.000000,0.000000,0.0,0,0*
$CANSAT,665,22727,1008.85,31.82,-0.15,-0.00,-0.00,0.90,-0.07,0.09,-0.06,0,0.000000,0.000000,0.0,0,0*
$CANSAT,666,22752,1008.85,31.82,-0.15,-0.00,-0.00,0.90,0.11,0.03,-0.06,0,0.000000,0.000000,0.0,0,0*
$CANSAT,667,22777,1008.85,31.82,-0.16,-0.00,-0.00,0.90,0.05,0.09,-0.06,0,0.000000,0.000000,0.0,0,0*
$CANSAT,668,22802,1008.85,31.82,-0.16,-0.00,-0.00,0.90,-0.01,-0.03,0.01,0,0.000000,0.000000,0.0,0,0*
$CANSAT,669,22827,1008.85,31.82,-0.16,-0.00,-0.00,0.90,0.05,0.03,-0.06,0,0.000000,0.000000,0.0,0,0*
$CANSAT,670,22852,1008.85,31.82,-0.16,-0.00,-0.00,0.90,-0.01,-0.03,0.07,0,0.000000,0.000000,0.0,0,0*
$CANSAT,671,22877,1008.85,31.82,-0.14,-0.00,-0.00,0.90,0.05,0.03,0.01,0,0.000000,0.000000,0.0,0,0*
$CANSAT,672,22903,1008.85,31.82,-0.14,-0.00,-0.00,0.90,-0.07,0.09,0.07,0,0.000000,0.000000,0.0,0,0*
$CANSAT,673,22928,1008.85,31.82,-0.14,-0.00,-0.00,0.90,0.05,0.09,0.01,0,0.000000,0.000000,0.0,0,0*
$CANSAT,674,22953,1008.85,31.82,-0.14,-0.00,-0.00,0.90,-0.01,0.09,0.01,0,0.000000,0.000000,0.0,0,0*
$CANSAT,675,22978,1008.85,31.82,-0.09,-0.00,-0.00,0.90,-0.13,0.09,0.01,0,0.000000,0.000000,0.0,0,0*
$CANSAT,676,23003,1008.85,31.82,-0.09,-0.00,-0.00,0.90,-0.01,0.03,0.01,0,0.000000,0.000000,0.0,0,0*
$CANSAT,677,23028,1008.85,31.82,-0.09,-0.00,-0.00,0.90,0.05,-0.03,0.07,0,0.000000,0.000000,0.0,0,0*
$CANSAT,678,23053,1008.85,31.82,-0.09,-0.00,-0.00,0.90,0.11,0.09,0.01,0,0.000000,0.000000,0.0,0,0*
$CANSAT,679,23078,1008.87,31.82,-0.27,-0.00,-0.00,0.90,-0.01,-0.03,-0.06,0,0.000000,0.000000,0.0,0,0*
$CANSAT,680,23103,1008.87,31.82,-0.27,-0.00,-0.00,0.90,-0.01,0.03,0.01,0,0.000000,0.000000,0.0,0,0*
$CANSAT,681,23128,1008.87,31.82,-0.27,-0.00,-0.00,0.90,-0.01,-0.03,-0.06,0,0.000000,0.000000,0.0,0,0*
$CANSAT,682,23154,1008.87,31.82,-0.27,-0.00,-0.00,0.90,0.05,0.03,0.13,0,0.000000,0.000000,0.0,0,0*
$CANSAT,683,23179,1008.85,31.83,-0.14,-0.00,-0.00,0.90,0.05,-0.03,0.13,0,0.000000,0.000000,0.0,0,0*
$CANSAT,684,23204,1008.85,31.83,-0.14,-0.00,-0.00,0.90,-0.01,0.09,0.01,0,0.000000,0.000000,0.0,0,0*
$CANSAT,685,23229,1008.85,31.83,-0.14,-0.00,-0.00,0.90,-0.01,0.03,0.07,0,0.000000,0.000000,0.0,0,0*
$CANSAT,686,23254,1008.85,31.83,-0.14,-0.00,-0.00,0.90,0.05,0.03,0.07,0,0.000000,0.000000,0.0,0,0*
$CANSAT,687,23279,1008.87,31.82,-0.26,-0.00,-0.00,0.90,-0.01,0.03,-0.06,0,0.000000,0.000000,0.0,0,0*
$CANSAT,688,23304,1008.87,31.82,-0.26,-0.00,-0.00,0.90,-0.07,0.03,0.01,0,0.000000,0.000000,0.0,0,0*
$CANSAT,689,23329,1008.87,31.82,-0.26,-0.00,-0.00,0.90,-0.01,0.09,0.01,0,0.000000,0.000000,0.0,0,0*
$CANSAT,690,23354,1008.87,31.82,-0.38,-0.00,-0.00,0.90,-0.01,-0.03,-0.06,0,0.000000,0.000000,0.0,0,0*
$CANSAT,691,23379,1008.88,31.82,-0.41,-0.00,-0.00,0.90,0.05,0.03,0.07,0,0.000000,0.000000,0.0,0,0*
$CANSAT,692,23405,1008.88,31.82,-0.41,-0.00,-0.00,0.90,-0.01,0.09,-0.12,0,0.000000,0.000000,0.0,0,0*
$CANSAT,693,23430,1008.88,31.82,-0.41,-0.00,-0.00,0.90,0.05,0.03,0.07,0,0.000000,0.000000,0.0,0,0*
$CANSAT,694,23455,1008.89,31.83,-0.50,-0.00,-0.00,0.90,0.05,-0.03,0.01,0,0.000000,0.000000,0.0,0,0*
$CANSAT,695,23480,1008.89,31.83,-0.50,-0.00,-0.00,0.90,-0.01,0.15,0.07,0,0.000000,0.000000,0.0,0,0*
$CANSAT,696,23505,1008.89,31.83,-0.50,-0.00,-0.00,0.90,0.05,-0.03,0.01,0,0.000000,0.000000,0.0,0,0*
$CANSAT,697,23530,1008.89,31.83,-0.50,-0.00,-0.00,0.90,0.11,0.03,0.01,0,0.000000,0.000000,0.0,0,0*
$CANSAT,698,23555,1008.84,31.82,-0.06,-0.00,-0.00,0.90,-0.07,-0.03,0.07,0,0.000000,0.000000,0.0,0,0*
$CANSAT,699,23580,1008.84,31.82,-0.06,-0.00,-0.00,0.90,-0.07,0.03,0.01,0,0.000000,0.000000,0.0,0,0*
$CANSAT,700,23605,1008.84,31.82,-0.06,-0.00,-0.00,0.90,-0.01,0.03,0.01,0,0.000000,0.000000,0.0,0,0*
$CANSAT,701,23630,1008.84,31.82,-0.06,-0.00,-0.00,0.90,0.05,-0.03,0.01,0,0.000000,0.000000,0.0,0,0*
$CANSAT,702,23656,1008.85,31.83,-0.14,-0.01,-0.00,0.90,-0.07,0.03,0.01,0,0.000000,0.000000,0.0,0,0*
$CANSAT,703,23681,1008.85,31.83,-0.14,-0.00,-0.00,0.90,0.05,0.03,0.01,0,0.000000,0.000000,0.0,0,0*
$CANSAT,704,23706,1008.85,31.83,-0.14,-0.00,-0.00,0.90,0.11,0.03,0.01,0,0.000000,0.000000,0.0,0,0*
$CANSAT,705,23731,1008.85,31.83,-0.14,-0.00,-0.00,0.90,-0.13,0.03,0.01,0,0.000000,0.000000,0.0,0,0*
$CANSAT,706,23756,1008.89,31.83,-0.44,-0.01,-0.00,0.90,-0.07,0.09,0.07,0,0.000000,0.000000,0.0,0,0*
$CANSAT,707,23781,1008.89,31.83,-0.44,-0.00,-0.00,0.90,0.05,0.03,0.07,0,0.000000,0.000000,0.0,0,0*
$CANSAT,708,23806,1008.89,31.83,-0.44,-0.00,-0.00,0.90,-0.07,0.09,0.01,0,0.000000,0.000000,0.0,0,0*
$CANSAT,709,23831,1008.89,31.83,-0.44,-0.00,-0.00,0.90,-0.07,0.03,0.01,0,0.000000,0.000000,0.0,0,0*
$CANSAT,710,23856,1008.88,31.82,-0.37,-0.00,-0.00,0.90,-0.01,0.09,-0.06,0,0.000000,0.000000,0.0,0,0*
$CANSAT,711,23881,1008.88,31.82,-0.37,-0.00,-0.00,0.90,0.11,0.09,0.07,0,0.000000,0.000000,0.0,0,0*
$CANSAT,712,23907,1008.88,31.82,-0.37,-0.00,-0.00,0.90,0.05,0.09,-0.06,0,0.000000,0.000000,0.0,0,0*
$CANSAT,713,23932,1008.88,31.82,-0.37,-0.00,-0.00,0.90,-0.01,0.03,0.01,0,0.000000,0.000000,0.0,0,0*
$CANSAT,714,23957,1008.86,31.83,-0.25,-0.00,-0.00,0.90,-0.01,0.09,-0.06,0,0.000000,0.000000,0.0,0,0*
$CANSAT,715,23982,1008.86,31.83,-0.25,-0.00,-0.00,0.90,-0.07,0.09,-0.06,0,0.000000,0.000000,0.0,0,0*
$CANSAT,716,24007,1008.86,31.83,-0.25,-0.01,-0.00,0.90,-0.01,0.09,0.01,0,0.000000,0.000000,0.0,0,0*
$CANSAT,717,24032,1008.86,31.83,-0.25,-0.00,-0.00,0.90,-0.01,0.03,0.07,0,0.000000,0.000000,0.0,0,0*
$CANSAT,718,24057,1008.88,31.83,-0.35,-0.00,-0.00,0.90,-0.07,0.09,0.01,0,0.000000,0.000000,0.0,0,0*
$CANSAT,719,24082,1008.88,31.83,-0.35,-0.00,-0.00,0.90,-0.01,0.09,0.01,0,0.000000,0.000000,0.0,0,0*
$CANSAT,720,24107,1008.88,31.83,-0.35,-0.00,-0.00,0.90,0.05,0.03,0.01,0,0.000000,0.000000,0.0,0,0*
$CANSAT,721,24132,1008.88,31.83,-0.35,-0.00,-0.00,0.90,-0.01,-0.03,0.01,0,0.000000,0.000000,0.0,0,0*
$CANSAT,722,24158,1008.88,31.83,-0.37,-0.00,-0.00,0.90,-0.07,0.09,0.01,0,0.000000,0.000000,0.0,0,0*
$CANSAT,723,24183,1008.88,31.83,-0.37,-0.00,-0.00,0.90,-0.01,0.03,0.01,0,0.000000,0.000000,0.0,0,0*
$CANSAT,724,24208,1008.88,31.83,-0.37,-0.00,-0.00,0.90,-0.01,0.09,0.01,0,0.000000,0.000000,0.0,0,0*
$CANSAT,725,24233,1008.88,31.83,-0.37,-0.00,-0.00,0.90,-0.01,0.03,0.07,0,0.000000,0.000000,0.0,0,0*
$CANSAT,726,24258,1008.87,31.83,-0.33,-0.00,-0.00,0.90,-0.07,0.09,0.01,0,0.000000,0.000000,0.0,0,0*
$CANSAT,727,24283,1008.87,31.83,-0.33,-0.00,-0.00,0.90,-0.07,0.03,0.07,0,0.000000,0.000000,0.0,0,0*
$CANSAT,728,24308,1008.87,31.83,-0.33,-0.00,-0.00,0.90,-0.01,0.03,0.01,0,0.000000,0.000000,0.0,0,0*
$CANSAT,729,24333,1008.87,31.83,-0.36,-0.00,-0.00,0.90,0.05,0.09,0.07,0,0.000000,0.000000,0.0,0,0*
$CANSAT,730,24358,1008.88,31.83,-0.36,-0.00,-0.00,0.90,0.05,0.03,0.01,0,0.000000,0.000000,0.0,0,0*
$CANSAT,731,24383,1008.88,31.83,-0.36,-0.00,-0.00,0.90,-0.07,0.03,0.07,0,0.000000,0.000000,0.0,0,0*
$CANSAT,732,24409,1008.88,31.83,-0.36,-0.00,-0.00,0.90,-0.01,0.09,0.01,0,0.000000,0.000000,0.0,0,0*
$CANSAT,733,24434,1008.87,31.83,-0.30,-0.00,-0.00,0.90,-0.01,0.03,0.01,0,0.000000,0.000000,0.0,0,0*
$CANSAT,734,24459,1008.87,31.83,-0.30,-0.00,-0.00,0.90,-0.01,-0.03,0.01,0,0.000000,0.000000,0.0,0,0*
$CANSAT,735,24484,1008.87,31.83,-0.30,-0.00,-0.00,0.90,0.05,0.09,0.01,0,0.000000,0.000000,0.0,0,0*
$CANSAT,736,24509,1008.87,31.83,-0.30,-0.00,-0.00,0.90,0.11,0.03,0.01,0,0.000000,0.000000,0.0,0,0*
$CANSAT,737,24534,1008.85,31.83,-0.16,-0.00,-0.00,0.90,-0.07,0.03,-0.06,0,0.000000,0.000000,0.0,0,0*
$CANSAT,738,24559,1008.85,31.83,-0.16,-0.00,-0.00,0.90,-0.01,0.15,-0.06,0,0.000000,0.000000,0.0,0,0*
$CANSAT,739,24584,1008.85,31.83,-0.16,-0.00,-0.00,0.90,0.11,0.09,0.07,0,0.000000,0.000000,0.0,0,0*
$CANSAT,740,24609,1008.85,31.83,-0.16,-0.01,-0.00,0.90,-0.13,0.03,0.01,0,0.000000,0.000000,0.0,0,0*
$CANSAT,741,24634,1008.90,31.83,-0.54,-0.00,-0.00,0.90,-0.01,-0.10,0.01,0,0.000000,0.000000,0.0,0,0*
$CANSAT,742,24660,1008.90,31.83,-0.54,-0.00,-0.00,0.90,-0.13,0.03,0.07,0,0.000000,0.000000,0.0,0,0*
$CANSAT,743,24685,1008.90,31.83,-0.54,-0.00,-0.00,0.90,0.05,0.15,-0.06,0,0.000000,0.000000,0.0,0,0*
$CANSAT,744,24710,1008.90,31.83,-0.54,-0.01,-0.00,0.90,0.05,0.03,0.01,0,0.000000,0.000000,0.0,0,0*
$CANSAT,745,24735,1008.88,31.83,-0.42,-0.00,-0.00,0.90,-0.13,0.09,0.01,0,0.000000,0.000000,0.0,0,0*
$CANSAT,746,24760,1008.88,31.83,-0.42,-0.00,-0.00,0.90,-0.01,-0.03,0.13,0,0.000000,0.000000,0.0,0,0*
$CANSAT,747,24785,1008.88,31.83,-0.42,-0.00,-0.00,0.90,-0.01,-0.03,0.01,0,0.000000,0.000000,0.0,0,0*
$CANSAT,748,24810,1008.88,31.83,-0.42,-0.00,-0.00,0.90,-0.07,-0.03,0.07,0,0.000000,0.000000,0.0,0,0*
$CANSAT,749,24835,1008.88,31.83,-0.34,-0.00,-0.00,0.90,-0.01,-0.03,0.01,0,0.000000,0.000000,0.0,0,0*
$CANSAT,750,24860,1008.88,31.83,-0.34,-0.01,-0.00,0.90,-0.13,0.03,0.07,0,0.000000,0.000000,0.0,0,0*
$CANSAT,751,24885,1008.88,31.83,-0.34,-0.00,-0.00,0.90,-0.01,0.15,0.01,0,0.000000,0.000000,0.0,0,0*
$CANSAT,752,24911,1008.88,31.83,-0.34,-0.00,-0.00,0.90,-0.01,0.09,-0.06,0,0.000000,0.000000,0.0,0,0*
$CANSAT,753,24936,1008.83,31.83,0.06,-0.00,-0.00,0.90,-0.01,-0.03,0.07,0,0.000000,0.000000,0.0,0,0*
$CANSAT,754,24961,1008.83,31.83,0.06,-0.00,-0.00,0.90,-0.01,0.15,0.01,0,0.000000,0.000000,0.0,0,0*
$CANSAT,755,24986,1008.83,31.83,0.06,-0.00,-0.00,0.90,0.05,0.03,0.01,0,0.000000,0.000000,0.0,0,0*
$CANSAT,756,25011,1008.83,31.83,0.06,-0.01,-0.00,0.90,0.05,-0.03,0.07,0,0.000000,0.000000,0.0,0,0*
$CANSAT,757,25036,1008.89,31.84,-0.50,-0.00,-0.00,0.90,0.05,0.09,0.01,0,0.000000,0.000000,0.0,0,0*
$CANSAT,758,25061,1008.89,31.84,-0.50,-0.00,-0.00,0.90,-0.01,0.03,0.01,0,0.000000,0.000000,0.0,0,0*
$CANSAT,759,25086,1008.89,31.84,-0.50,-0.00,-0.00,0.90,-0.07,0.15,0.01,0,0.000000,0.000000,0.0,0,0*
$CANSAT,760,25111,1008.89,31.84,-0.50,0.00,-0.00,0.90,-0.01,0.03,-0.06,0,0.000000,0.000000,0.0,0,0*
$CANSAT,761,25136,1008.84,31.83,-0.08,-0.00,-0.00,0.90,-0.07,0.03,0.01,0,0.000000,0.000000,0.0,0,0*
$CANSAT,762,25162,1008.84,31.83,-0.08,-0.00,-0.00,0.90,-0.01,0.09,0.07,0,0.000000,0.000000,0.0,0,0*
$CANSAT,763,25187,1008.84,31.83,-0.08,-0.00,-0.00,0.90,-0.07,0.09,0.01,0,0.000000,0.000000,0.0,0,0*
$CANSAT,764,25212,1008.84,31.83,-0.08,-0.00,-0.00,0.90,-0.01,0.09,0.07,0,0.000000,0.000000,0.0,0,0*
$CANSAT,765,25237,1008.88,31.83,-0.41,-0.00,-0.00,0.90,-0.01,0.09,0.01,0,0.000000,0.000000,0.0,0,0*
$CANSAT,766,25262,1008.88,31.83,-0.41,-0.00,-0.00,0.90,-0.07,0.09,-0.06,0,0.000000,0.000000,0.0,0,0*
$CANSAT,767,25287,1008.88,31.83,-0.41,-0.00,-0.00,0.90,-0.01,0.09,-0.06,0,0.000000,0.000000,0.0,0,0*
$CANSAT,768,25312,1008.88,31.83,-0.12,-0.00,-0.00,0.90,-0.01,0.03,0.01,0,0.000000,0.000000,0.0,0,0*
$CANSAT,769,25337,1008.85,31.83,-0.12,-0.00,-0.00,0.90,-0.01,0.09,0.01,0,0.000000,0.000000,0.0,0,0*
$CANSAT,770,25362,1008.85,31.83,-0.12,-0.01,-0.00,0.90,0.05,0.09,0.07,0,0.000000,0.000000,0.0,0,0*
$CANSAT,771,25387,1008.85,31.83,-0.12,-0.01,-0.00,0.90,-0.13,0.09,0.07,0,0.000000,0.000000,0.0,0,0*
$CANSAT,772,25413,1008.86,31.83,-0.22,-0.01,-0.00,0.90,-0.07,0.09,0.07,0,0.000000,0.000000,0.0,0,0*
$CANSAT,773,25438,1008.86,31.83,-0.22,-0.00,-0.00,0.90,-0.07,0.09,0.07,0,0.000000,0.000000,0.0,0,0*
$CANSAT,774,25463,1008.86,31.83,-0.22,-0.00,-0.00,0.90,-0.01,-0.03,0.07,0,0.000000,0.000000,0.0,0,0*
$CANSAT,775,25488,1008.86,31.83,-0.22,-0.00,-0.00,0.90,0.11,-0.10,0.01,0,0.000000,0.000000,0.0,0,0*
$CANSAT,776,25513,1008.87,31.83,-0.33,-0.00,-0.00,0.90,-0.07,0.09,0.01,0,0.000000,0.000000,0.0,0,0*
$CANSAT,777,25538,1008.87,31.83,-0.33,-0.00,-0.00,0.90,-0.07,0.03,0.01,0,0.000000,0.000000,0.0,0,0*
$CANSAT,778,25563,1008.87,31.83,-0.33,-0.00,-0.00,0.90,-0.01,0.03,-0.06,0,0.000000,0.000000,0.0,0,0*
$CANSAT,779,25588,1008.87,31.83,-0.33,-0.00,-0.00,0.90,-0.07,0.09,0.01,0,0.000000,0.000000,0.0,0,0*
$CANSAT,780,25613,1008.91,31.84,-0.61,-0.00,-0.00,0.90,-0.01,-0.03,0.01,0,0.000000,0.000000,0.0,0,0*
$CANSAT,781,25638,1008.91,31.84,-0.61,-0.01,-0.00,0.90,-0.01,0.03,0.01,0,0.000000,0.000000,0.0,0,0*
$CANSAT,782,25664,1008.91,31.84,-0.61,-0.00,-0.00,0.90,-0.01,0.09,0.01,0,0.000000,0.000000,0.0,0,0*
$CANSAT,783,25689,1008.91,31.84,-0.61,-0.00,-0.00,0.90,-0.01,-0.03,0.01,0,0.000000,0.000000,0.0,0,0*
$CANSAT,784,25714,1008.86,31.83,-0.21,-0.00,-0.00,0.90,-0.07,-0.03,0.07,0,0.000000,0.000000,0.0,0,0*
$CANSAT,785,25739,1008.86,31.83,-0.21,-0.00,-0.00,0.90,0.05,-0.03,0.01,0,0.000000,0.000000,0.0,0,0*
$CANSAT,786,25764,1008.86,31.83,-0.21,-0.00,-0.00,0.90,0.05,0.03,-0.06,0,0.000000,0.000000,0.0,0,0*
$CANSAT,787,25789,1008.86,31.83,-0.21,-0.00,-0.00,0.90,-0.01,0.09,-0.06,0,0.000000,0.000000,0.0,0,0*
$CANSAT,788,25814,1008.86,31.83,-0.24,-0.00,-0.00,0.90,0.11,-0.16,0.01,0,0.000000,0.000000,0.0,0,0*
$CANSAT,789,25839,1008.86,31.83,-0.24,-0.00,-0.00,0.90,0.11,0.09,0.01,0,0.000000,0.000000,0.0,0,0*
$CANSAT,790,25864,1008.86,31.83,-0.24,-0.00,-0.00,0.90,0.05,0.09,0.01,0,0.000000,0.000000,0.0,0,0*
$CANSAT,791,25889,1008.86,31.83,-0.24,-0.00,-0.00,0.90,0.05,-0.03,0.01,0,0.000000,0.000000,0.0,0,0*
$CANSAT,792,25915,1008.85,31.83,-0.13,-0.00,-0.00,0.90,-0.07,0.03,-0.06,0,0.000000,0.000000,0.0,0,0*
$CANSAT,793,25940,1008.85,31.83,-0.13,-0.00,-0.00,0.90,-0.01,0.09,-0.06,0,0.000000,0.000000,0.0,0,0*
$CANSAT,794,25965,1008.85,31.83,-0.13,-0.00,-0.00,0.90,-0.13,0.09,0.01,0,0.000000,0.000000,0.0,0,0*
$CANSAT,795,25990,1008.85,31.83,-0.13,-0.00,-0.00,0.90,0.05,-0.03,-0.06,0,0.000000,0.000000,0.0,0,0*
$CANSAT,796,26015,1008.85,31.83,-0.15,-0.00,-0.00,0.90,-0.07,0.03,0.01,0,0.000000,0.000000,0.0,0,0*
$CANSAT,797,26040,1008.85,31.83,-0.15,-0.00,-0.00,0.90,-0.01,0.15,0.07,0,0.000000,0.000000,0.0,0,0*
$CANSAT,798,26065,1008.85,31.83,-0.15,-0.00,-0.00,0.90,-0.07,-0.10,-0.06,0,0.000000,0.000000,0.0,0,0*
$CANSAT,799,26090,1008.85,31.83,-0.15,-0.00,-0.00,0.90,-0.01,0.03,-0.06,0,0.000000,0.000000,0.0,0,0*
$CANSAT,800,26115,1008.87,31.84,-0.32,-0.00,-0.00,0.90,0.11,-0.03,0.01,0,0.000000,0.000000,0.0,0,0*
$CANSAT,801,26140,1008.87,31.84,-0.32,-0.00,-0.00,0.90,-0.07,0.03,0.01,0,0.000000,0.000000,0.0,0,0*
$CANSAT,802,26166,1008.87,31.84,-0.32,-0.00,-0.00,0.90,-0.07,-0.03,0.01,0,0.000000,0.000000,0.0,0,0*
$CANSAT,803,26191,1008.87,31.84,-0.32,-0.00,-0.00,0.90,0.05,0.09,0.07,0,0.000000,0.000000,0.0,0,0*
$CANSAT,804,26216,1008.84,31.83,-0.02,-0.00,-0.00,0.90,-0.01,0.03,-0.06,0,0.000000,0.000000,0.0,0,0*
$CANSAT,805,26241,1008.84,31.83,-0.02,-0.00,-0.00,0.90,0.05,0.09,0.01,0,0.000000,0.000000,0.0,0,0*
$CANSAT,806,26266,1008.84,31.83,-0.02,-0.01,-0.00,0.90,-0.01,0.03,0.01,0,0.000000,0.000000,0.0,0,0*
$CANSAT,807,26291,1008.84,31.84,-0.33,-0.00,-0.00,0.90,-0.01,-0.03,-0.06,0,0.000000,0.000000,0.0,0,0*
$CANSAT,808,26316,1008.87,31.84,-0.33,-0.00,-0.00,0.90,0.05,-0.03,0.01,0,0.000000,0.000000,0.0,0,0*
$CANSAT,809,26341,1008.87,31.84,-0.33,-0.00,-0.00,0.90,-0.07,0.09,0.01,0,0.000000,0.000000,0.0,0,0*
$CANSAT,810,26366,1008.87,31.84,-0.33,-0.00,-0.00,0.90,-0.01,0.03,0.01,0,0.000000,0.000000,0.0,0,0*
$CANSAT,811,26391,1008.83,31.83,0.01,-0.00,-0.00,0.90,0.05,-0.03,0.07,0,0.000000,0.000000,0.0,0,0*
$CANSAT,812,26417,1008.83,31.83,0.01,-0.00,-0.00,0.90,-0.07,-0.03,-0.06,0,0.000000,0.000000,0.0,0,0*
$CANSAT,813,26442,1008.83,31.83,0.01,-0.00,-0.00,0.90,-0.01,0.03,0.07,0,0.000000,0.000000,0.0,0,0*
$CANSAT,814,26467,1008.83,31.83,0.01,-0.00,-0.00,0.90,-0.01,-0.03,0.01,0,0.000000,0.000000,0.0,0,0*
$CANSAT,815,26492,1008.84,31.83,-0.04,-0.00,-0.00,0.90,0.05,0.03,-0.06,0,0.000000,0.000000,0.0,0,0*
$CANSAT,816,26517,1008.84,31.83,-0.04,-0.00,-0.00,0.90,-0.07,0.03,0.07,0,0.000000,0.000000,0.0,0,0*
$CANSAT,817,26542,1008.84,31.83,-0.04,-0.00,-0.00,0.90,-0.01,0.03,-0.06,0,0.000000,0.000000,0.0,0,0*
$CANSAT,818,26567,1008.84,31.83,-0.04,-0.00,-0.00,0.90,-0.07,0.03,-0.06,0,0.000000,0.000000,0.0,0,0*
$CANSAT,819,26592,1008.87,31.83,-0.32,-0.00,-0.00,0.90,-0.01,0.03,0.01,0,0.000000,0.000000,0.0,0,0*
$CANSAT,820,26617,1008.87,31.83,-0.32,-0.00,-0.00,0.90,0.05,-0.03,0.01,0,0.000000,0.000000,0.0,0,0*
$CANSAT,821,26642,1008.87,31.83,-0.32,-0.00,-0.00,0.90,-0.01,0.03,0.01,0,0.000000,0.000000,0.0,0,0*
$CANSAT,822,26668,1008.87,31.83,-0.32,-0.00,-0.00,0.90,0.05,0.09,0.07,0,0.000000,0.000000,0.0,0,0*
$CANSAT,823,26693,1008.84,31.83,-0.09,-0.00,-0.00,0.90,-0.01,0.03,-0.06,0,0.000000,0.000000,0.0,0,0*
$CANSAT,824,26718,1008.84,31.83,-0.09,-0.00,-0.00,0.90,-0.01,0.03,0.01,0,0.000000,0.000000,0.0,0,0*
$CANSAT,825,26743,1008.84,31.83,-0.09,-0.00,-0.00,0.90,0.05,0.03,0.01,0,0.000000,0.000000,0.0,0,0*
$CANSAT,826,26768,1008.84,31.83,-0.09,0.00,-0.00,0.90,-0.07,0.03,0.01,0,0.000000,0.000000,0.0,0,0*
$CANSAT,827,26793,1008.86,31.83,-0.19,-0.01,-0.00,0.90,-0.01,0.03,-0.06,0,0.000000,0.000000,0.0,0,0*
$CANSAT,828,26818,1008.86,31.83,-0.19,-0.00,-0.00,0.90,0.05,0.03,0.01,0,0.000000,0.000000,0.0,0,0*
$CANSAT,829,26843,1008.86,31.83,-0.19,-0.00,-0.00,0.90,0.05,0.03,0.07,0,0.000000,0.000000,0.0,0,0*
$CANSAT,830,26868,1008.86,31.83,-0.19,-0.00,-0.00,0.90,0.05,0.03,0.07,0,0.000000,0.000000,0.0,0,0*
$CANSAT,831,26893,1008.88,31.84,-0.36,-0.00,-0.00,0.90,-0.01,0.09,-0.06,0,0.000000,0.000000,0.0,0,0*
$CANSAT,832,26919,1008.88,31.84,-0.36,-0.00,-0.00,0.90,-0.07,0.09,0.01,0,0.000000,0.000000,0.0,0,0*
$CANSAT,833,26944,1008.88,31.84,-0.36,-0.00,-0.00,0.90,-0.07,0.03,0.13,0,0.000000,0.000000,0.0,0,0*
$CANSAT,834,26969,1008.88,31.84,-0.36,-0.00,-0.00,0.90,0.05,0.03,-0.06,0,0.000000,0.000000,0.0,0,0*
$CANSAT,835,26994,1008.84,31.83,-0.07,-0.00,-0.00,0.90,-0.01,-0.03,0.01,0,0.000000,0.000000,0.0,0,0*
$CANSAT,836,27019,1008.84,31.83,-0.07,-0.00,-0.00,0.90,-0.01,0.03,0.01,0,0.000000,0.000000,0.0,0,0*
$CANSAT,837,27044,1008.84,31.83,-0.07,-0.00,-0.00,0.90,-0.07,-0.03,0.07,0,0.000000,0.000000,0.0,0,0*
$CANSAT,838,27069,1008.84,31.83,-0.07,-0.00,-0.00,0.90,0.05,-0.03,-0.06,0,0.000000,0.000000,0.0,0,0*
$CANSAT,839,27094,1008.86,31.83,-0.22,-0.00,-0.00,0.90,-0.07,-0.03,0.01,0,0.000000,0.000000,0.0,0,0*
$CANSAT,840,27119,1008.86,31.83,-0.22,-0.00,-0.00,0.90,0.11,0.09,0.07,0,0.000000,0.000000,0.0,0,0*
$CANSAT,841,27144,1008.86,31.83,-0.22,-0.00,-0.00,0.90,-0.01,0.09,0.07,0,0.000000,0.000000,0.0,0,0*
$CANSAT,842,27170,1008.86,31.83,-0.22,-0.00,-0.00,0.90,-0.01,-0.03,0.01,0,0.000000,0.000000,0.0,0,0*
$CANSAT,843,27195,1008.85,31.84,-0.16,-0.00,-0.00,0.90,-0.01,-0.03,0.01,0,0.000000,0.000000,0.0,0,0*
$CANSAT,844,27220,1008.85,31.84,-0.16,-0.00,-0.00,0.90,-0.07,-0.03,0.01,0,0.000000,0.000000,0.0,0,0*
$CANSAT,845,27245,1008.85,31.84,-0.16,-0.00,-0.00,0.90,-0.01,0.03,0.07,0,0.000000,0.000000,0.0,0,0*
$CANSAT,846,27270,1008.87,31.84,-0.29,-0.01,-0.00,0.90,-0.01,0.03,0.01,0,0.000000,0.000000,0.0,0,0*
$CANSAT,847,27295,1008.87,31.84,-0.29,-0.00,-0.00,0.90,0.05,0.03,0.01,0,0.000000,0.000000,0.0,0,0*
$CANSAT,848,27320,1008.87,31.84,-0.29,-0.00,-0.00,0.90,-0.01,0.03,-0.06,0,0.000000,0.000000,0.0,0,0*
$CANSAT,849,27345,1008.87,31.84,-0.29,-0.00,-0.00,0.90,-0.01,-0.03,0.07,0,0.000000,0.000000,0.0,0,0*
$CANSAT,850,27370,1008.84,31.83,-0.05,-0.00,-0.00,0.90,0.05,-0.03,0.01,0,0.000000,0.000000,0.0,0,0*
$CANSAT,851,27395,1008.84,31.83,-0.05,-0.00,-0.00,0.90,-0.01,0.03,0.01,0,0.000000,0.000000,0.0,0,0*
$CANSAT,852,27421,1008.84,31.83,-0.05,-0.00,-0.00,0.90,-0.01,0.09,0.07,0,0.000000,0.000000,0.0,0,0*
$CANSAT,853,27446,1008.84,31.83,-0.05,-0.00,-0.00,0.90,-0.07,0.09,-0.06,0,0.000000,0.000000,0.0,0,0*
$CANSAT,854,27471,1008.85,31.84,-0.09,-0.00,-0.00,0.90,0.05,0.03,0.07,0,0.000000,0.000000,0.0,0,0*
$CANSAT,855,27496,1008.85,31.84,-0.09,-0.00,-0.00,0.90,-0.07,0.03,-0.06,0,0.000000,0.000000,0.0,0,0*
$CANSAT,856,27521,1008.85,31.84,-0.09,-0.00,-0.00,0.90,0.05,0.03,0.01,0,0.000000,0.000000,0.0,0,0*
$CANSAT,857,27546,1008.85,31.84,-0.09,-0.00,-0.00,0.90,-0.01,0.09,0.01,0,0.000000,0.000000,0.0,0,0*
$CANSAT,858,27571,1008.85,31.84,-0.13,-0.00,-0.00,0.90,0.05,0.09,-0.06,0,0.000000,0.000000,0.0,0,0*
$CANSAT,859,27596,1008.85,31.84,-0.13,-0.00,-0.00,0.90,0.05,-0.03,0.07,0,0.000000,0.000000,0.0,0,0*
$CANSAT,860,27621,1008.85,31.84,-0.13,-0.01,-0.00,0.90,-0.07,-0.03,0.07,0,0.000000,0.000000,0.0,0,0*
$CANSAT,861,27646,1008.85,31.84,-0.13,-0.00,-0.00,0.90,0.05,0.03,-0.06,0,0.000000,0.000000,0.0,0,0*
$CANSAT,862,27672,1008.84,31.84,-0.05,-0.00,-0.00,0.90,-0.01,0.03,-0.06,0,0.000000,0.000000,0.0,0,0*
$CANSAT,863,27697,1008.84,31.84,-0.05,-0.00,-0.00,0.90,0.05,-0.10,0.01,0,0.000000,0.000000,0.0,0,0*
$CANSAT,864,27722,1008.84,31.84,-0.05,-0.00,-0.00,0.90,0.05,-0.03,0.01,0,0.000000,0.000000,0.0,0,0*
$CANSAT,865,27747,1008.84,31.84,-0.05,-0.00,-0.00,0.90,-0.01,0.03,0.07,0,0.000000,0.000000,0.0,0,0*
$CANSAT,866,27772,1008.85,31.84,-0.17,-0.00,-0.00,0.90,-0.01,0.03,-0.06,0,0.000000,0.000000,0.0,0,0*
$CANSAT,867,27797,1008.85,31.84,-0.17,-0.00,-0.00,0.90,-0.01,0.09,0.01,0,0.000000,0.000000,0.0,0,0*
$CANSAT,868,27822,1008.85,31.84,-0.17,-0.00,-0.00,0.90,-0.07,-0.03,0.01,0,0.000000,0.000000,0.0,0,0*
$CANSAT,869,27847,1008.85,31.84,-0.17,-0.00,-0.00,0.90,-0.01,0.03,0.01,0,0.000000,0.000000,0.0,0,0*
$CANSAT,870,27872,1008.86,31.84,-0.20,-0.00,-0.00,0.90,-0.01,0.09,0.07,0,0.000000,0.000000,0.0,0,0*
$CANSAT,871,27897,1008.86,31.84,-0.20,-0.00,-0.00,0.90,0.05,0.03,0.01,0,0.000000,0.000000,0.0,0,0*
$CANSAT,872,27923,1008.86,31.84,-0.20,0.00,-0.00,0.90,-0.01,0.03,-0.06,0,0.000000,0.000000,0.0,0,0*
$CANSAT,873,27948,1008.86,31.84,-0.20,-0.00,-0.00,0.90,0.05,0.03,0.01,0,0.000000,0.000000,0.0,0,0*
$CANSAT,874,27973,1008.88,31.84,-0.40,-0.00,-0.00,0.90,0.05,0.09,0.01,0,0.000000,0.000000,0.0,0,0*
$CANSAT,875,27998,1008.88,31.84,-0.40,-0.00,-0.00,0.90,-0.01,0.03,0.01,0,0.000000,0.000000,0.0,0,0*
$CANSAT,876,28023,1008.88,31.84,-0.40,-0.00,-0.00,0.90,-0.07,0.03,0.01,0,0.000000,0.000000,0.0,0,0*
$CANSAT,877,28048,1008.88,31.84,-0.40,-0.00,-0.00,0.90,0.05,0.03,0.01,0,0.000000,0.000000,0.0,0,0*
$CANSAT,878,28073,1008.87,31.84,-0.31,-0.00,-0.00,0.90,-0.07,0.03,0.01,0,0.000000,0.000000,0.0,0,0*
$CANSAT,879,28098,1008.87,31.84,-0.31,-0.00,-0.00,0.90,-0.01,0.03,0.07,0,0.000000,0.000000,0.0,0,0*
$CANSAT,880,28123,1008.87,31.84,-0.31,-0.00,-0.00,0.90,-0.07,-0.03,-0.06,0,0.000000,0.000000,0.0,0,0*
$CANSAT,881,28148,1008.87,31.84,-0.31,-0.00,-0.00,0.90,-0.01,0.03,0.01,0,0.000000,0.000000,0.0,0,0*
$CANSAT,882,28174,1008.88,31.84,-0.35,-0.00,-0.00,0.90,-0.01,-0.03,-0.06,0,0.000000,0.000000,0.0,0,0*
$CANSAT,883,28199,1008.88,31.84,-0.35,-0.00,-0.00,0.90,-0.07,0.03,0.01,0,0.000000,0.000000,0.0,0,0*
$CANSAT,884,28224,1008.88,31.84,-0.35,-0.00,-0.00,0.90,0.05,0.03,0.01,0,0.000000,0.000000,0.0,0,0*
$CANSAT,885,28249,1008.85,31.84,-0.26,-0.00,-0.00,0.90,-0.01,-0.03,0.13,0,0.000000,0.000000,0.0,0,0*
$CANSAT,886,28274,1008.87,31.84,-0.26,-0.00,-0.00,0.90,0.11,0.03,-0.06,0,0.000000,0.000000,0.0,0,0*
$CANSAT,887,28299,1008.87,31.84,-0.26,-0.00,-0.00,0.90,-0.01,-0.03,0.01,0,0.000000,0.000000,0.0,0,0*
$CANSAT,888,28324,1008.87,31.84,-0.26,-0.00,-0.00,0.90,-0.07,-0.03,0.01,0,0.000000,0.000000,0.0,0,0*
$CANSAT,889,28349,1008.86,31.84,-0.22,-0.00,-0.00,0.90,-0.01,0.15,0.07,0,0.000000,0.000000,0.0,0,0*
$CANSAT,890,28374,1008.86,31.84,-0.22,-0.00,-0.00,0.90,-0.07,0.09,0.01,0,0.000000,0.000000,0.0,0,0*
$CANSAT,891,28399,1008.86,31.84,-0.22,-0.00,-0.00,0.90,-0.07,0.03,0.07,0,0.000000,0.000000,0.0,0,0*
$CANSAT,892,28425,1008.86,31.84,-0.22,-0.00,-0.00,0.90,-0.01,0.15,0.01,0,0.000000,0.000000,0.0,0,0*
$CANSAT,893,28450,1008.82,31.84,0.15,-0.00,-0.00,0.90,0.11,0.03,0.01,0,0.000000,0.000000,0.0,0,0*
$CANSAT,894,28475,1008.82,31.84,0.15,-0.00,-0.00,0.90,-0.07,0.09,0.01,0,0.000000,0.000000,0.0,0,0*
$CANSAT,895,28500,1008.82,31.84,0.15,-0.00,-0.00,0.90,-0.01,-0.03,0.01,0,0.000000,0.000000,0.0,0,0*
$CANSAT,896,28525,1008.82,31.84,0.15,-0.00,-0.00,0.90,0.05,-0.03,0.07,0,0.000000,0.000000,0.0,0,0*
$CANSAT,897,28550,1008.88,31.84,-0.35,-0.00,-0.00,0.90,0.05,0.03,-0.06,0,0.000000,0.000000,0.0,0,0*
$CANSAT,898,28575,1008.88,31.84,-0.35,-0.00,-0.00,0.90,-0.07,0.09,0.07,0,0.000000,0.000000,0.0,0,0*
$CANSAT,899,28600,1008.88,31.84,-0.35,-0.00,-0.00,0.90,0.05,0.09,0.07,0,0.000000,0.000000,0.0,0,0*
$CANSAT,900,28625,1008.88,31.84,-0.35,-0.00,-0.00,0.90,-0.07,-0.03,0.07,0,0.000000,0.000000,0.0,0,0*
$CANSAT,901,28650,1008.87,31.84,-0.29,-0.00,-0.00,0.90,-0.01,0.03,0.01,0,0.000000,0.000000,0.0,0,0*
$CANSAT,902,28676,1008.87,31.84,-0.29,-0.00,-0.00,0.90,-0.01,0.03,0.01,0,0.000000,0.000000,0.0,0,0*
$CANSAT,903,28701,1008.87,31.84,-0.29,-0.00,-0.00,0.90,0.11,0.09,-0.06,0,0.000000,0.000000,0.0,0,0*
$CANSAT,904,28726,1008.87,31.84,-0.29,-0.00,-0.00,0.90,-0.01,0.09,0.01,0,0.000000,0.000000,0.0,0,0*
$CANSAT,905,28751,1008.86,31.84,-0.21,-0.00,-0.00,0.90,-0.07,-0.10,-0.12,0,0.000000,0.000000,0.0,0,0*
$CANSAT,906,28776,1008.86,31.84,-0.21,-0.00,-0.00,0.90,0.05,0.09,0.07,0,0.000000,0.000000,0.0,0,0*
$CANSAT,907,28801,1008.86,31.84,-0.21,-0.00,-0.00,0.90,-0.07,0.03,0.01,0,0.000000,0.000000,0.0,0,0*
$CANSAT,908,28826,1008.86,31.84,-0.21,-0.00,-0.00,0.90,0.05,0.09,-0.06,0,0.000000,0.000000,0.0,0,0*
$CANSAT,909,28851,1008.87,31.84,-0.26,-0.00,-0.00,0.90,-0.07,0.03,-0.06,0,0.000000,0.000000,0.0,0,0*
$CANSAT,910,28876,1008.87,31.84,-0.26,-0.00,-0.00,0.90,-0.01,0.03,0.07,0,0.000000,0.000000,0.0,0,0*
$CANSAT,911,28901,1008.87,31.84,-0.26,-0.00,-0.00,0.90,-0.01,0.03,0.01,0,0.000000,0.000000,0.0,0,0*
$CANSAT,912,28927,1008.87,31.84,-0.26,-0.00,-0.00,0.90,-0.01,0.09,-0.06,0,0.000000,0.000000,0.0,0,0*
$CANSAT,913,28952,1008.84,31.84,-0.05,-0.00,-0.00,0.90,-0.01,0.09,0.07,0,0.000000,0.000000,0.0,0,0*
$CANSAT,914,28977,1008.84,31.84,-0.05,-0.00,-0.00,0.90,-0.01,-0.03,0.01,0,0.000000,0.000000,0.0,0,0*
$CANSAT,915,29002,1008.84,31.84,-0.05,-0.00,-0.00,0.90,0.05,0.03,0.01,0,0.000000,0.000000,0.0,0,0*
$CANSAT,916,29027,1008.84,31.84,-0.05,-0.00,-0.00,0.90,0.05,-0.03,0.07,0,0.000000,0.000000,0.0,0,0*
$CANSAT,917,29052,1008.84,31.84,-0.08,-0.00,-0.00,0.90,-0.01,0.09,0.13,0,0.000000,0.000000,0.0,0,0*
$CANSAT,918,29077,1008.84,31.84,-0.08,-0.00,-0.00,0.90,-0.01,0.09,-0.06,0,0.000000,0.000000,0.0,0,0*
$CANSAT,919,29102,1008.84,31.84,-0.08,-0.00,-0.00,0.90,0.05,0.03,0.01,0,0.000000,0.000000,0.0,0,0*
$CANSAT,920,29127,1008.84,31.84,-0.08,-0.00,-0.00,0.90,-0.07,-0.03,0.07,0,0.000000,0.000000,0.0,0,0*
$CANSAT,921,29152,1008.85,31.84,-0.11,-0.00,-0.00,0.90,-0.07,0.03,0.07,0,0.000000,0.000000,0.0,0,0*
$CANSAT,922,29178,1008.85,31.84,-0.11,-0.00,-0.00,0.90,-0.01,-0.03,0.01,0,0.000000,0.000000,0.0,0,0*
$CANSAT,923,29203,1008.85,31.84,-0.11,-0.00,-0.00,0.90,0.05,0.03,0.01,0,0.000000,0.000000,0.0,0,0*
$CANSAT,924,29228,1008.86,31.85,-0.25,-0.00,-0.00,0.90,0.05,0.03,-0.06,0,0.000000,0.000000,0.0,0,0*
$CANSAT,925,29253,1008.86,31.85,-0.25,-0.00,-0.00,0.90,0.05,0.09,-0.12,0,0.000000,0.000000,0.0,0,0*
$CANSAT,926,29278,1008.86,31.85,-0.25,-0.00,-0.00,0.90,-0.01,0.09,0.07,0,0.000000,0.000000,0.0,0,0*
$CANSAT,927,29303,1008.86,31.85,-0.25,-0.00,-0.00,0.90,-0.01,0.03,0.01,0,0.000000,0.000000,0.0,0,0*
$CANSAT,928,29328,1008.85,31.84,-0.13,-0.00,-0.00,0.90,-0.01,0.03,0.01,0,0.000000,0.000000,0.0,0,0*
$CANSAT,929,29353,1008.85,31.84,-0.13,-0.00,-0.00,0.90,-0.01,0.09,0.07,0,0.000000,0.000000,0.0,0,0*
$CANSAT,930,29378,1008.85,31.84,-0.13,-0.00,-0.00,0.90,0.05,0.09,0.01,0,0.000000,0.000000,0.0,0,0*
$CANSAT,931,29403,1008.85,31.84,-0.13,-0.00,-0.00,0.90,-0.01,0.03,0.07,0,0.000000,0.000000,0.0,0,0*
$CANSAT,932,29429,1008.84,31.84,-0.04,-0.00,-0.00,0.90,-0.01,0.09,0.07,0,0.000000,0.000000,0.0,0,0*
$CANSAT,933,29454,1008.84,31.84,-0.04,-0.00,-0.00,0.90,-0.01,0.03,-0.06,0,0.000000,0.000000,0.0,0,0*
$CANSAT,934,29479,1008.84,31.84,-0.04,-0.00,-0.00,0.90,0.05,0.03,0.07,0,0.000000,0.000000,0.0,0,0*
$CANSAT,935,29504,1008.84,31.84,-0.04,-0.00,-0.00,0.90,0.05,0.03,0.01,0,0.000000,0.000000,0.0,0,0*
$CANSAT,936,29529,1008.85,31.84,-0.12,-0.00,-0.00,0.90,-0.01,0.09,-0.06,0,0.000000,0.000000,0.0,0,0*
$CANSAT,937,29554,1008.85,31.84,-0.12,-0.00,-0.00,0.90,-0.01,-0.03,0.01,0,0.000000,0.000000,0.0,0,0*
$CANSAT,938,29579,1008.85,31.84,-0.12,-0.00,-0.00,0.90,-0.01,0.03,0.07,0,0.000000,0.000000,0.0,0,0*
$CANSAT,939,29604,1008.85,31.84,-0.12,-0.00,-0.00,0.90,-0.01,0.03,-0.06,0,0.000000,0.000000,0.0,0,0*
$CANSAT,940,29629,1008.85,31.84,-0.14,-0.00,-0.00,0.90,0.11,0.09,0.01,0,0.000000,0.000000,0.0,0,0*
$CANSAT,941,29654,1008.85,31.84,-0.14,-0.00,-0.00,0.90,0.05,0.03,0.01,0,0.000000,0.000000,0.0,0,0*
$CANSAT,942,29680,1008.85,31.84,-0.14,-0.01,-0.00,0.90,0.05,0.03,0.01,0,0.000000,0.000000,0.0,0,0*
$CANSAT,943,29705,1008.85,31.84,-0.14,-0.00,-0.00,0.90,-0.01,-0.03,0.13,0,0.000000,0.000000,0.0,0,0*
$CANSAT,944,29730,1008.88,31.85,-0.34,-0.00,-0.00,0.90,-0.07,0.03,0.07,0,0.000000,0.000000,0.0,0,0*
$CANSAT,945,29755,1008.88,31.85,-0.34,-0.00,-0.00,0.90,-0.01,0.09,0.07,0,0.000000,0.000000,0.0,0,0*
$CANSAT,946,29780,1008.88,31.85,-0.34,-0.00,-0.00,0.90,-0.01,0.03,0.01,0,0.000000,0.000000,0.0,0,0*
$CANSAT,947,29805,1008.88,31.85,-0.34,-0.00,-0.00,0.90,-0.01,0.03,-0.06,0,0.000000,0.000000,0.0,0,0*
$CANSAT,948,29830,1008.86,31.85,-0.24,-0.00,-0.00,0.90,0.05,0.03,0.01,0,0.000000,0.000000,0.0,0,0*
$CANSAT,949,29855,1008.86,31.85,-0.24,-0.00,-0.00,0.90,0.05,-0.03,0.07,0,0.000000,0.000000,0.0,0,0*
$CANSAT,950,29880,1008.86,31.85,-0.24,-0.00,-0.00,0.90,-0.01,0.03,0.01,0,0.000000,0.000000,0.0,0,0*
$CANSAT,951,29905,1008.86,31.85,-0.24,-0.00,-0.00,0.90,0.05,0.09,0.07,0,0.000000,0.000000,0.0,0,0*
$CANSAT,952,29931,1008.83,31.84,0.06,-0.00,-0.00,0.90,-0.07,0.09,0.01,0,0.000000,0.000000,0.0,0,0*
$CANSAT,953,29956,1008.83,31.84,0.06,-0.00,-0.00,0.90,0.05,0.09,0.01,0,0.000000,0.000000,0.0,0,0*
$CANSAT,954,29981,1008.83,31.84,0.06,-0.00,-0.00,0.90,-0.01,0.03,-0.06,0,0.000000,0.000000,0.0,0,0*
$CANSAT,955,30006,1008.83,31.84,0.06,-0.00,-0.00,0.90,-0.07,0.09,0.07,0,0.000000,0.000000,0.0,0,0*
$CANSAT,956,30031,1008.87,31.84,-0.34,-0.00,-0.00,0.90,-0.07,0.09,-0.06,0,0.000000,0.000000,0.0,0,0*
$CANSAT,957,30056,1008.87,31.84,-0.34,-0.01,-0.00,0.90,-0.01,0.03,0.13,0,0.000000,0.000000,0.0,0,0*
$CANSAT,958,30081,1008.87,31.84,-0.34,-0.00,-0.00,0.90,0.05,0.03,0.07,0,0.000000,0.000000,0.0,0,0*
$CANSAT,959,30106,1008.87,31.84,-0.34,-0.00,-0.00,0.90,-0.01,-0.03,0.13,0,0.000000,0.000000,0.0,0,0*
$CANSAT,960,30131,1008.84,31.84,-0.04,-0.00,-0.00,0.90,-0.01,0.09,-0.06,0,0.000000,0.000000,0.0,0,0*
$CANSAT,961,30156,1008.84,31.84,-0.04,-0.00,-0.00,0.90,-0.01,0.09,0.07,0,0.000000,0.000000,0.0,0,0*
$CANSAT,962,30182,1008.84,31.84,-0.04,-0.00,-0.00,0.90,0.05,0.03,-0.06,0,0.000000,0.000000,0.0,0,0*
$CANSAT,963,30207,1008.83,31.84,0.07,-0.00,-0.00,0.90,-0.01,-0.03,0.01,0,0.000000,0.000000,0.0,0,0*
$CANSAT,964,30232,1008.83,31.84,0.07,-0.00,-0.00,0.90,-0.07,0.03,-0.06,0,0.000000,0.000000,0.0,0,0*
$CANSAT,965,30257,1008.83,31.84,0.07,-0.00,-0.00,0.90,-0.01,0.03,0.07,0,0.000000,0.000000,0.0,0,0*
$CANSAT,966,30282,1008.83,31.84,0.07,-0.00,-0.00,0.90,-0.01,0.03,0.01,0,0.000000,0.000000,0.0,0,0*
$CANSAT,967,30307,1008.84,31.85,-0.02,-0.00,-0.00,0.90,0.05,0.03,0.07,0,0.000000,0.000000,0.0,0,0*
$CANSAT,968,30332,1008.84,31.85,-0.02,-0.00,-0.00,0.90,0.05,0.03,-0.12,0,0.000000,0.000000,0.0,0,0*
$CANSAT,969,30357,1008.84,31.85,-0.02,-0.00,-0.00,0.90,-0.01,0.03,0.07,0,0.000000,0.000000,0.0,0,0*
$CANSAT,970,30382,1008.84,31.85,-0.02,-0.00,-0.00,0.90,-0.07,0.03,0.01,0,0.000000,0.000000,0.0,0,0*
$CANSAT,971,30407,1008.84,31.84,-0.01,-0.00,-0.00,0.90,-0.01,0.03,0.01,0,0.000000,0.000000,0.0,0,0*
$CANSAT,972,30433,1008.84,31.84,-0.01,-0.01,-0.00,0.90,-0.01,0.09,0.07,0,0.000000,0.000000,0.0,0,0*
$CANSAT,973,30458,1008.84,31.84,-0.01,-0.00,-0.00,0.90,0.05,-0.03,0.01,0,0.000000,0.000000,0.0,0,0*
$CANSAT,974,30483,1008.84,31.84,-0.01,-0.00,-0.00,0.90,-0.01,0.03,0.07,0,0.000000,0.000000,0.0,0,0*
$CANSAT,975,30508,1008.83,31.85,0.06,-0.00,-0.00,0.90,-0.01,0.03,0.01,0,0.000000,0.000000,0.0,0,0*
$CANSAT,976,30533,1008.83,31.85,0.06,-0.00,-0.00,0.90,0.05,0.09,-0.06,0,0.000000,0.000000,0.0,0,0*
$CANSAT,977,30558,1008.83,31.85,0.06,-0.00,-0.00,0.90,0.05,-0.03,0.01,0,0.000000,0.000000,0.0,0,0*
$CANSAT,978,30583,1008.83,31.85,0.06,-0.00,-0.00,0.90,-0.01,0.09,0.01,0,0.000000,0.000000,0.0,0,0*
$CANSAT,979,30608,1008.84,31.85,-0.03,-0.00,-0.00,0.90,-0.01,0.15,0.07,0,0.000000,0.000000,0.0,0,0*
$CANSAT,980,30633,1008.84,31.85,-0.03,-0.00,-0.00,0.90,0.11,-0.03,0.01,0,0.000000,0.000000,0.0,0,0*
$CANSAT,981,30658,1008.84,31.85,-0.03,-0.00,-0.00,0.90,0.05,0.09,-0.06,0,0.000000,0.000000,0.0,0,0*
$CANSAT,982,30684,1008.84,31.85,-0.03,-0.00,-0.00,0.90,-0.01,0.03,0.07,0,0.000000,0.000000,0.0,0,0*
$CANSAT,983,30709,1008.83,31.85,0.03,-0.00,-0.00,0.90,-0.01,0.09,0.01,0,0.000000,0.000000,0.0,0,0*
$CANSAT,984,30734,1008.83,31.85,0.03,-0.00,-0.00,0.90,-0.07,0.09,0.01,0,0.000000,0.000000,0.0,0,0*
$CANSAT,985,30759,1008.83,31.85,0.03,-0.00,-0.00,0.90,-0.01,0.03,0.13,0,0.000000,0.000000,0.0,0,0*
$CANSAT,986,30784,1008.83,31.85,0.03,-0.00,-0.00,0.90,-0.01,0.03,0.01,0,0.000000,0.000000,0.0,0,0*
$CANSAT,987,30809,1008.85,31.86,-0.16,-0.00,-0.00,0.90,-0.01,0.09,-0.06,0,0.000000,0.000000,0.0,0,0*
$CANSAT,988,30834,1008.85,31.86,-0.16,-0.00,-0.00,0.90,-0.01,0.03,-0.06,0,0.000000,0.000000,0.0,0,0*
$CANSAT,989,30859,1008.85,31.86,-0.16,-0.00,-0.00,0.90,-0.01,-0.03,0.01,0,0.000000,0.000000,0.0,0,0*
$CANSAT,990,30884,1008.85,31.86,-0.16,-0.00,-0.00,0.90,0.05,0.03,-0.06,0,0.000000,0.000000,0.0,0,0*
$CANSAT,991,30909,1008.85,31.85,-0.12,-0.00,-0.00,0.90,0.05,0.09,0.07,0,0.000000,0.000000,0.0,0,0*
$CANSAT,992,30935,1008.85,31.85,-0.12,-0.00,-0.00,0.90,0.11,-0.03,0.01,0,0.000000,0.000000,0.0,0,0*
$CANSAT,993,30960,1008.85,31.85,-0.12,-0.00,-0.00,0.90,-0.01,-0.03,0.07,0,0.000000,0.000000,0.0,0,0*
$CANSAT,994,30985,1008.85,31.85,-0.12,-0.00,-0.00,0.90,-0.07,0.03,0.01,0,0.000000,0.000000,0.0,0,0*
$CANSAT,995,31010,1008.86,31.85,-0.19,0.00,-0.00,0.90,-0.01,0.09,-0.06,0,0.000000,0.000000,0.0,0,0*
$CANSAT,996,31035,1008.86,31.85,-0.19,-0.00,-0.00,0.90,-0.01,0.03,0.01,0,0.000000,0.000000,0.0,0,0*
$CANSAT,997,31060,1008.86,31.85,-0.19,-0.00,-0.00,0.90,0.05,0.03,0.13,0,0.000000,0.000000,0.0,0,0*
$CANSAT,998,31085,1008.86,31.85,-0.19,-0.00,-0.00,0.90,0.11,-0.03,0.01,0,0.000000,0.000000,0.0,0,0*
$CANSAT,999,31110,1008.84,31.85,-0.03,-0.00,-0.00,0.90,0.11,0.09,0.01,0,0.000000,0.000000,0.0,0,0*
$CANSAT,1000,31135,1008.84,31.85,-0.03,-0.00,-0.00,0.90,-0.01,0.09,0.07,0,0.000000,0.000000,0.0,0,0*
$CANSAT,1001,31160,1008.84,31.85,-0.03,-0.00,-0.00,0.90,-0.07,0.03,0.01,0,0.000000,0.000000,0.0,0,0*
$CANSAT,1002,31186,1008.86,31.85,-0.21,-0.00,-0.00,0.90,-0.01,0.03,-0.06,0,0.000000,0.000000,0.0,0,0*
$CANSAT,1003,31211,1008.86,31.85,-0.21,-0.00,-0.00,0.90,-0.07,0.03,0.01,0,0.000000,0.000000,0.0,0,0*
$CANSAT,1004,31236,1008.86,31.85,-0.21,-0.00,-0.00,0.90,-0.01,0.15,0.01,0,0.000000,0.000000,0.0,0,0*
$CANSAT,1005,31261,1008.86,31.85,-0.21,-0.00,-0.00,0.90,-0.01,-0.03,0.07,0,0.000000,0.000000,0.0,0,0*
$CANSAT,1006,31286,1008.85,31.86,-0.16,-0.01,-0.00,0.90,-0.01,0.03,0.01,0,0.000000,0.000000,0.0,0,0*
$CANSAT,1007,31311,1008.85,31.86,-0.16,-0.00,-0.00,0.90,0.05,0.09,-0.06,0,0.000000,0.000000,0.0,0,0*
$CANSAT,1008,31336,1008.85,31.86,-0.16,-0.00,-0.00,0.90,-0.01,0.03,0.07,0,0.000000,0.000000,0.0,0,0*
$CANSAT,1009,31361,1008.85,31.86,-0.16,-0.00,-0.00,0.90,0.11,0.09,0.01,0,0.000000,0.000000,0.0,0,0*
$CANSAT,1010,31386,1008.82,31.86,0.12,-0.01,-0.00,0.90,-0.01,-0.03,0.01,0,0.000000,0.000000,0.0,0,0*
$CANSAT,1011,31411,1008.82,31.86,0.12,-0.00,-0.00,0.90,0.05,-0.03,-0.06,0,0.000000,0.000000,0.0,0,0*
$CANSAT,1012,31437,1008.82,31.86,0.12,-0.00,-0.00,0.90,-0.01,0.03,0.07,0,0.000000,0.000000,0.0,0,0*
$CANSAT,1013,31462,1008.82,31.86,0.12,-0.00,-0.00,0.90,-0.01,-0.03,0.01,0,0.000000,0.000000,0.0,0,0*
$CANSAT,1014,31487,1008.84,31.86,-0.08,-0.00,-0.00,0.90,-0.01,-0.03,0.07,0,0.000000,0.000000,0.0,0,0*
$CANSAT,1015,31512,1008.84,31.86,-0.08,-0.00,-0.00,0.90,-0.07,0.03,0.01,0,0.000000,0.000000,0.0,0,0*
$CANSAT,1016,31537,1008.84,31.86,-0.08,-0.00,-0.00,0.90,0.05,0.09,0.07,0,0.000000,0.000000,0.0,0,0*
$CANSAT,1017,31562,1008.84,31.86,-0.08,-0.00,-0.00,0.90,-0.01,0.03,0.07,0,0.000000,0.000000,0.0,0,0*
$CANSAT,1018,31587,1008.83,31.86,0.05,-0.00,-0.00,0.90,-0.01,0.03,0.07,0,0.000000,0.000000,0.0,0,0*
$CANSAT,1019,31612,1008.83,31.86,0.05,-0.00,-0.00,0.90,0.05,0.03,-0.06,0,0.000000,0.000000,0.0,0,0*
$CANSAT,1020,31637,1008.83,31.86,0.05,-0.00,-0.00,0.90,-0.07,0.09,0.01,0,0.000000,0.000000,0.0,0,0*
$CANSAT,1021,31662,1008.83,31.86,0.05,-0.00,-0.00,0.90,0.05,-0.03,0.01,0,0.000000,0.000000,0.0,0,0*
$CANSAT,1022,31688,1008.87,31.86,-0.29,-0.00,-0.00,0.90,0.11,0.15,0.01,0,0.000000,0.000000,0.0,0,0*
$CANSAT,1023,31713,1008.87,31.86,-0.29,-0.00,-0.00,0.90,-0.07,0.03,0.07,0,0.000000,0.000000,0.0,0,0*
$CANSAT,1024,31738,1008.87,31.86,-0.29,-0.00,-0.00,0.90,-0.07,0.03,0.01,0,0.000000,0.000000,0.0,0,0*
$CANSAT,1025,31763,1008.87,31.86,-0.29,-0.00,-0.00,0.90,-0.07,0.03,0.07,0,0.000000,0.000000,0.0,0,0*
$CANSAT,1026,31788,1008.87,31.86,-0.33,-0.00,-0.00,0.90,-0.01,0.03,0.01,0,0.000000,0.000000,0.0,0,0*
$CANSAT,1027,31813,1008.87,31.86,-0.33,-0.00,-0.00,0.90,0.05,0.03,0.01,0,0.000000,0.000000,0.0,0,0*
$CANSAT,1028,31838,1008.87,31.86,-0.33,-0.00,-0.00,0.90,-0.01,0.03,0.01,0,0.000000,0.000000,0.0,0,0*
$CANSAT,1029,31863,1008.87,31.86,-0.33,-0.00,-0.00,0.90,-0.01,0.09,0.01,0,0.000000,0.000000,0.0,0,0*
$CANSAT,1030,31888,1008.88,31.86,-0.34,-0.00,-0.00,0.90,0.05,0.03,0.07,0,0.000000,0.000000,0.0,0,0*
$CANSAT,1031,31913,1008.88,31.86,-0.34,-0.00,-0.00,0.90,-0.07,-0.03,0.01,0,0.000000,0.000000,0.0,0,0*
$CANSAT,1032,31939,1008.88,31.86,-0.34,-0.00,-0.00,0.90,0.05,0.09,0.07,0,0.000000,0.000000,0.0,0,0*
$CANSAT,1033,31964,1008.88,31.86,-0.34,-0.00,-0.00,0.90,0.05,0.09,0.01,0,0.000000,0.000000,0.0,0,0*
$CANSAT,1034,31989,1008.84,31.86,-0.06,-0.00,-0.00,0.90,0.05,0.09,0.07,0,0.000000,0.000000,0.0,0,0*
$CANSAT,1035,32014,1008.84,31.86,-0.06,-0.00,-0.00,0.90,-0.07,0.09,0.01,0,0.000000,0.000000,0.0,0,0*
$CANSAT,1036,32039,1008.84,31.86,-0.06,-0.00,-0.00,0.90,-0.01,0.03,0.01,0,0.000000,0.000000,0.0,0,0*
$CANSAT,1037,32064,1008.84,31.86,-0.17,-0.00,-0.00,0.90,-0.01,-0.03,0.01,0,0.000000,0.000000,0.0,0,0*
$CANSAT,1038,32089,1008.85,31.86,-0.14,-0.00,-0.00,0.90,0.05,0.03,0.01,0,0.000000,0.000000,0.0,0,0*
$CANSAT,1039,32114,1008.85,31.86,-0.14,-0.00,-0.00,0.90,-0.07,0.09,0.01,0,0.000000,0.000000,0.0,0,0*
$CANSAT,1040,32139,1008.85,31.86,-0.14,-0.00,-0.00,0.90,-0.01,0.03,0.01,0,0.000000,0.000000,0.0,0,0*
$CANSAT,1041,32164,1008.89,31.86,-0.51,-0.00,-0.00,0.90,-0.01,0.03,0.13,0,0.000000,0.000000,0.0,0,0*
$CANSAT,1042,32190,1008.89,31.86,-0.51,-0.00,-0.00,0.90,-0.01,0.03,0.01,0,0.000000,0.000000,0.0,0,0*
$CANSAT,1043,32215,1008.89,31.86,-0.51,-0.00,-0.00,0.90,-0.01,0.03,0.01,0,0.000000,0.000000,0.0,0,0*
$CANSAT,1044,32240,1008.89,31.86,-0.51,-0.00,-0.00,0.90,-0.01,0.09,-0.06,0,0.000000,0.000000,0.0,0,0*
$CANSAT,1045,32265,1008.89,31.86,-0.48,-0.00,-0.00,0.90,-0.01,-0.03,0.01,0,0.000000,0.000000,0.0,0,0*
$CANSAT,1046,32290,1008.89,31.86,-0.48,-0.00,-0.00,0.90,0.05,0.03,0.07,0,0.000000,0.000000,0.0,0,0*
$CANSAT,1047,32315,1008.89,31.86,-0.48,-0.00,-0.00,0.90,-0.07,0.09,0.01,0,0.000000,0.000000,0.0,0,0*
$CANSAT,1048,32340,1008.89,31.86,-0.48,-0.00,-0.00,0.90,0.05,-0.03,0.07,0,0.000000,0.000000,0.0,0,0*
$CANSAT,1049,32365,1008.85,31.86,-0.14,0.00,-0.00,0.90,-0.01,0.09,0.01,0,0.000000,0.000000,0.0,0,0*
$CANSAT,1050,32390,1008.85,31.86,-0.14,-0.00,-0.00,0.90,-0.01,-0.03,0.01,0,0.000000,0.000000,0.0,0,0*
$CANSAT,1051,32415,1008.85,31.86,-0.14,-0.01,-0.00,0.90,0.05,0.15,0.01,0,0.000000,0.000000,0.0,0,0*
$CANSAT,1052,32441,1008.85,31.86,-0.14,-0.00,-0.00,0.90,-0.01,0.15,0.07,0,0.000000,0.000000,0.0,0,0*
$CANSAT,1053,32466,1008.85,31.86,-0.10,-0.00,-0.00,0.90,0.05,0.09,0.01,0,0.000000,0.000000,0.0,0,0*
$CANSAT,1054,32491,1008.85,31.86,-0.10,-0.00,-0.00,0.90,-0.01,-0.03,0.01,0,0.000000,0.000000,0.0,0,0*
$CANSAT,1055,32516,1008.85,31.86,-0.10,-0.00,-0.00,0.90,-0.01,-0.03,0.07,0,0.000000,0.000000,0.0,0,0*
$CANSAT,1056,32541,1008.85,31.86,-0.10,-0.00,-0.00,0.90,-0.07,0.03,0.07,0,0.000000,0.000000,0.0,0,0*
$CANSAT,1057,32566,1008.86,31.86,-0.23,-0.00,-0.00,0.90,-0.01,0.09,0.01,0,0.000000,0.000000,0.0,0,0*
$CANSAT,1058,32591,1008.86,31.86,-0.23,-0.00,-0.00,0.90,0.17,0.09,0.13,0,0.000000,0.000000,0.0,0,0*
$CANSAT,1059,32616,1008.86,31.86,-0.23,-0.01,-0.00,0.90,0.05,0.09,-0.06,0,0.000000,0.000000,0.0,0,0*
$CANSAT,1060,32641,1008.86,31.86,-0.23,-0.00,-0.00,0.90,-0.01,0.09,-0.06,0,0.000000,0.000000,0.0,0,0*
$CANSAT,1061,32666,1008.85,31.86,-0.14,-0.00,-0.00,0.90,-0.07,-0.03,-0.06,0,0.000000,0.000000,0.0,0,0*
$CANSAT,1062,32692,1008.85,31.86,-0.14,-0.00,-0.00,0.90,-0.01,0.09,-0.06,0,0.000000,0.000000,0.0,0,0*
$CANSAT,1063,32717,1008.85,31.86,-0.14,-0.00,-0.00,0.90,0.05,0.03,0.07,0,0.000000,0.000000,0.0,0,0*
$CANSAT,1064,32742,1008.85,31.86,-0.14,-0.01,-0.00,0.90,0.05,0.03,-0.06,0,0.000000,0.000000,0.0,0,0*
$CANSAT,1065,32767,1008.85,31.86,-0.11,-0.00,-0.00,0.90,-0.07,0.03,0.01,0,0.000000,0.000000,0.0,0,0*
$CANSAT,1066,32792,1008.85,31.86,-0.11,-0.00,-0.00,0.90,0.05,0.03,0.07,0,0.000000,0.000000,0.0,0,0*
$CANSAT,1067,32817,1008.85,31.86,-0.11,-0.00,-0.00,0.90,-0.01,0.09,-0.06,0,0.000000,0.000000,0.0,0,0*
$CANSAT,1068,32842,1008.85,31.86,-0.11,-0.00,-0.00,0.90,-0.07,0.09,0.01,0,0.000000,0.000000,0.0,0,0*
$CANSAT,1069,32867,1008.83,31.86,0.05,-0.00,-0.00,0.90,-0.07,0.09,-0.06,0,0.000000,0.000000,0.0,0,0*
$CANSAT,1070,32892,1008.83,31.86,0.05,-0.00,-0.00,0.90,-0.07,0.09,-0.06,0,0.000000,0.000000,0.0,0,0*
$CANSAT,1071,32917,1008.83,31.86,0.05,-0.00,-0.00,0.90,-0.07,0.09,0.01,0,0.000000,0.000000,0.0,0,0*
$CANSAT,1072,32943,1008.83,31.86,0.05,-0.00,-0.00,0.90,0.05,-0.03,0.01,0,0.000000,0.000000,0.0,0,0*
$CANSAT,1073,32968,1008.84,31.86,-0.08,-0.00,-0.00,0.90,-0.07,0.03,0.01,0,0.000000,0.000000,0.0,0,0*
$CANSAT,1074,32993,1008.84,31.86,-0.08,-0.00,-0.00,0.90,-0.01,0.03,0.01,0,0.000000,0.000000,0.0,0,0*
$CANSAT,1075,33018,1008.84,31.86,-0.08,-0.00,-0.00,0.90,-0.01,-0.03,0.07,0,0.000000,0.000000,0.0,0,0*
$CANSAT,1076,33043,1008.84,31.86,-0.07,-0.00,-0.00,0.90,0.11,0.03,0.07,0,0.000000,0.000000,0.0,0,0*
$CANSAT,1077,33068,1008.84,31.86,-0.07,-0.00,-0.00,0.90,-0.07,-0.03,-0.06,0,0.000000,0.000000,0.0,0,0*
$CANSAT,1078,33093,1008.84,31.86,-0.07,-0.00,-0.00,0.90,0.05,-0.03,-0.06,0,0.000000,0.000000,0.0,0,0*
$CANSAT,1079,33118,1008.84,31.86,-0.07,-0.00,-0.00,0.90,-0.01,0.09,0.07,0,0.000000,0.000000,0.0,0,0*
$CANSAT,1080,33143,1008.87,31.87,-0.27,-0.00,-0.00,0.90,-0.01,0.03,0.07,0,0.000000,0.000000,0.0,0,0*
$CANSAT,1081,33168,1008.87,31.87,-0.27,-0.00,-0.00,0.90,-0.01,0.09,-0.06,0,0.000000,0.000000,0.0,0,0*
$CANSAT,1082,33194,1008.87,31.87,-0.27,-0.00,-0.00,0.90,-0.01,0.09,-0.06,0,0.000000,0.000000,0.0,0,0*
$CANSAT,1083,33219,1008.87,31.87,-0.27,-0.00,-0.00,0.90,-0.01,-0.03,0.07,0,0.000000,0.000000,0.0,0,0*
$CANSAT,1084,33244,1008.86,31.86,-0.24,-0.00,-0.00,0.90,-0.01,0.03,0.07,0,0.000000,0.000000,0.0,0,0*
$CANSAT,1085,33269,1008.86,31.86,-0.24,-0.00,-0.00,0.90,-0.07,0.03,0.07,0,0.000000,0.000000,0.0,0,0*
$CANSAT,1086,33294,1008.86,31.86,-0.24,-0.00,-0.00,0.90,0.05,0.03,0.01,0,0.000000,0.000000,0.0,0,0*
$CANSAT,1087,33319,1008.86,31.86,-0.24,-0.01,-0.00,0.90,-0.07,0.03,-0.06,0,0.000000,0.000000,0.0,0,0*
$CANSAT,1088,33344,1008.85,31.87,-0.15,-0.00,-0.00,0.90,-0.01,0.09,0.01,0,0.000000,0.000000,0.0,0,0*
$CANSAT,1089,33369,1008.85,31.87,-0.15,-0.00,-0.00,0.90,0.05,0.03,0.07,0,0.000000,0.000000,0.0,0,0*
$CANSAT,1090,33394,1008.85,31.87,-0.15,-0.00,-0.00,0.90,-0.01,0.09,0.01,0,0.000000,0.000000,0.0,0,0*
$CANSAT,1091,33419,1008.85,31.87,-0.15,-0.00,-0.00,0.90,0.05,0.03,0.01,0,0.000000,0.000000,0.0,0,0*
$CANSAT,1092,33445,1008.83,31.86,0.02,-0.01,-0.00,0.90,0.11,0.09,0.01,0,0.000000,0.000000,0.0,0,0*
$CANSAT,1093,33470,1008.83,31.86,0.02,-0.00,-0.00,0.90,-0.01,0.03,0.01,0,0.000000,0.000000,0.0,0,0*
$CANSAT,1094,33495,1008.83,31.86,0.02,-0.01,-0.00,0.90,-0.01,0.09,0.01,0,0.000000,0.000000,0.0,0,0*
$CANSAT,1095,33520,1008.83,31.86,0.02,-0.00,-0.00,0.90,0.05,-0.03,-0.06,0,0.000000,0.000000,0.0,0,0*
$CANSAT,1096,33545,1008.88,31.87,-0.35,-0.00,-0.00,0.90,-0.13,0.03,-0.06,0,0.000000,0.000000,0.0,0,0*
$CANSAT,1097,33570,1008.88,31.87,-0.35,-0.00,-0.00,0.90,-0.01,0.03,0.07,0,0.000000,0.000000,0.0,0,0*
$CANSAT,1098,33595,1008.88,31.87,-0.35,-0.00,-0.00,0.90,-0.01,-0.03,0.01,0,0.000000,0.000000,0.0,0,0*
$CANSAT,1099,33620,1008.88,31.87,-0.35,-0.00,-0.00,0.90,0.05,0.03,0.07,0,0.000000,0.000000,0.0,0,0*
$CANSAT,1100,33645,1008.86,31.86,-0.19,-0.00,-0.00,0.90,-0.01,-0.10,-0.06,0,0.000000,0.000000,0.0,0,0*
$CANSAT,1101,33670,1008.86,31.86,-0.19,-0.00,-0.00,0.90,-0.01,0.09,0.01,0,0.000000,0.000000,0.0,0,0*
$CANSAT,1102,33696,1008.86,31.86,-0.19,-0.01,-0.00,0.90,-0.01,-0.03,0.01,0,0.000000,0.000000,0.0,0,0*
$CANSAT,1103,33721,1008.86,31.86,-0.19,-0.00,-0.00,0.90,0.05,0.03,0.01,0,0.000000,0.000000,0.0,0,0*
$CANSAT,1104,33746,1008.83,31.87,0.02,-0.00,-0.00,0.90,-0.01,0.09,-0.06,0,0.000000,0.000000,0.0,0,0*
$CANSAT,1105,33771,1008.83,31.87,0.02,-0.00,-0.00,0.90,-0.07,0.03,0.01,0,0.000000,0.000000,0.0,0,0*
$CANSAT,1106,33796,1008.83,31.87,0.02,-0.00,-0.00,0.90,-0.07,-0.03,0.07,0,0.000000,0.000000,0.0,0,0*
$CANSAT,1107,33821,1008.83,31.87,0.02,-0.00,-0.00,0.90,0.05,0.09,0.01,0,0.000000,0.000000,0.0,0,0*
$CANSAT,1108,33846,1008.85,31.87,-0.14,-0.00,-0.00,0.90,-0.01,0.03,0.01,0,0.000000,0.000000,0.0,0,0*
$CANSAT,1109,33871,1008.85,31.87,-0.14,-0.00,-0.00,0.90,0.11,-0.03,-0.06,0,0.000000,0.000000,0.0,0,0*
$CANSAT,1110,33896,1008.85,31.87,-0.14,-0.00,-0.00,0.90,-0.01,0.03,0.07,0,0.000000,0.000000,0.0,0,0*
$CANSAT,1111,33921,1008.85,31.87,-0.14,-0.00,-0.00,0.90,-0.01,-0.03,-0.12,0,0.000000,0.000000,0.0,0,0*
$CANSAT,1112,33947,1008.85,31.87,-0.16,-0.00,-0.00,0.90,0.05,0.03,0.01,0,0.000000,0.000000,0.0,0,0*
$CANSAT,1113,33972,1008.85,31.87,-0.16,-0.00,-0.00,0.90,-0.01,0.15,0.01,0,0.000000,0.000000,0.0,0,0*
$CANSAT,1114,33997,1008.85,31.87,-0.16,-0.00,-0.00,0.90,-0.07,0.15,-0.06,0,0.000000,0.000000,0.0,0,0*
$CANSAT,1115,34022,1008.85,31.87,-0.24,-0.00,-0.00,0.90,-0.01,0.03,0.01,0,0.000000,0.000000,0.0,0,0*
$CANSAT,1116,34047,1008.86,31.87,-0.24,-0.00,-0.00,0.90,0.05,0.09,0.01,0,0.000000,0.000000,0.0,0,0*
$CANSAT,1117,34072,1008.86,31.87,-0.24,-0.00,-0.00,0.90,0.05,0.09,-0.06,0,0.000000,0.000000,0.0,0,0*
$CANSAT,1118,34097,1008.86,31.87,-0.24,-0.00,-0.00,0.90,0.05,0.09,-0.06,0,0.000000,0.000000,0.0,0,0*
$CANSAT,1119,34122,1008.85,31.87,-0.13,-0.00,-0.00,0.90,0.05,0.03,0.01,0,0.000000,0.000000,0.0,0,0*
$CANSAT,1120,34147,1008.85,31.87,-0.13,-0.00,-0.00,0.90,0.11,0.09,0.01,0,0.000000,0.000000,0.0,0,0*
$CANSAT,1121,34172,1008.85,31.87,-0.13,-0.00,-0.00,0.90,-0.01,0.09,0.01,0,0.000000,0.000000,0.0,0,0*
$CANSAT,1122,34198,1008.85,31.87,-0.13,-0.00,-0.00,0.90,-0.01,0.03,0.01,0,0.000000,0.000000,0.0,0,0*
$CANSAT,1123,34223,1008.85,31.87,-0.12,-0.00,-0.00,0.90,-0.01,0.09,0.07,0,0.000000,0.000000,0.0,0,0*
$CANSAT,1124,34248,1008.85,31.87,-0.12,-0.00,-0.00,0.90,-0.01,0.03,0.01,0,0.000000,0.000000,0.0,0,0*
$CANSAT,1125,34273,1008.85,31.87,-0.12,-0.00,-0.00,0.90,0.05,0.09,0.07,0,0.000000,0.000000,0.0,0,0*
$CANSAT,1126,34298,1008.85,31.87,-0.12,-0.00,-0.00,0.90,-0.01,0.03,0.07,0,0.000000,0.000000,0.0,0,0*
$CANSAT,1127,34323,1008.86,31.87,-0.24,-0.00,-0.00,0.90,-0.07,-0.10,0.07,0,0.000000,0.000000,0.0,0,0*
$CANSAT,1128,34348,1008.86,31.87,-0.24,-0.00,-0.00,0.90,-0.01,0.09,0.01,0,0.000000,0.000000,0.0,0,0*
$CANSAT,1129,34373,1008.86,31.87,-0.24,-0.00,-0.00,0.90,-0.07,0.03,0.01,0,0.000000,0.000000,0.0,0,0*
$CANSAT,1130,34398,1008.86,31.87,-0.24,-0.00,-0.00,0.90,-0.01,0.03,0.01,0,0.000000,0.000000,0.0,0,0*
$CANSAT,1131,34423,1008.82,31.86,0.10,-0.00,-0.00,0.90,0.05,0.03,0.01,0,0.000000,0.000000,0.0,0,0*
$CANSAT,1132,34449,1008.82,31.86,0.10,-0.00,-0.00,0.90,-0.01,0.09,0.07,0,0.000000,0.000000,0.0,0,0*
$CANSAT,1133,34474,1008.82,31.86,0.10,-0.00,-0.01,0.90,-0.13,0.03,-0.06,0,0.000000,0.000000,0.0,0,0*
$CANSAT,1134,34499,1008.82,31.86,0.10,-0.00,-0.00,0.90,-0.07,0.03,0.01,0,0.000000,0.000000,0.0,0,0*
$CANSAT,1135,34524,1008.86,31.86,-0.21,-0.00,-0.00,0.90,-0.01,0.09,0.01,0,0.000000,0.000000,0.0,0,0*
$CANSAT,1136,34549,1008.86,31.86,-0.21,-0.00,-0.00,0.90,-0.07,0.03,0.01,0,0.000000,0.000000,0.0,0,0*
$CANSAT,1137,34574,1008.86,31.86,-0.21,-0.00,-0.00,0.90,0.05,0.09,0.07,0,0.000000,0.000000,0.0,0,0*
$CANSAT,1138,34599,1008.86,31.86,-0.21,-0.00,-0.00,0.90,-0.07,0.03,-0.06,0,0.000000,0.000000,0.0,0,0*
$CANSAT,1139,34624,1008.88,31.86,-0.40,-0.00,-0.00,0.90,0.05,0.15,-0.06,0,0.000000,0.000000,0.0,0,0*
$CANSAT,1140,34649,1008.88,31.86,-0.40,-0.00,-0.00,0.90,-0.01,0.03,0.01,0,0.000000,0.000000,0.0,0,0*
$CANSAT,1141,34674,1008.88,31.86,-0.40,-0.00,-0.00,0.90,0.05,-0.03,-0.06,0,0.000000,0.000000,0.0,0,0*
$CANSAT,1142,34700,1008.88,31.86,-0.40,-0.00,-0.00,0.90,-0.07,0.03,0.01,0,0.000000,0.000000,0.0,0,0*
$CANSAT,1143,34725,1008.85,31.86,-0.14,-0.00,-0.00,0.90,-0.01,0.03,-0.06,0,0.000000,0.000000,0.0,0,0*
$CANSAT,1144,34750,1008.85,31.86,-0.14,-0.00,-0.00,0.90,-0.01,0.09,0.01,0,0.000000,0.000000,0.0,0,0*
$CANSAT,1145,34775,1008.85,31.86,-0.14,-0.00,-0.00,0.90,-0.01,-0.03,0.01,0,0.000000,0.000000,0.0,0,0*
$CANSAT,1146,34800,1008.85,31.86,-0.14,-0.00,-0.00,0.90,-0.13,-0.03,0.01,0,0.000000,0.000000,0.0,0,0*
$CANSAT,1147,34825,1008.86,31.86,-0.19,-0.01,-0.00,0.90,-0.07,0.03,0.01,0,0.000000,0.000000,0.0,0,0*
$CANSAT,1148,34850,1008.86,31.86,-0.19,-0.00,-0.00,0.90,-0.01,-0.03,0.07,0,0.000000,0.000000,0.0,0,0*
$CANSAT,1149,34875,1008.86,31.86,-0.19,0.00,-0.00,0.90,0.05,0.09,0.01,0,0.000000,0.000000,0.0,0,0*
$CANSAT,1150,34900,1008.86,31.86,-0.19,-0.00,-0.00,0.90,-0.07,0.09,-0.06,0,0.000000,0.000000,0.0,0,0*
$CANSAT,1151,34925,1008.86,31.86,-0.25,-0.00,-0.00,0.90,-0.07,0.09,0.07,0,0.000000,0.000000,0.0,0,0*
$CANSAT,1152,34951,1008.86,31.86,-0.25,-0.00,-0.00,0.90,0.05,0.03,0.01,0,0.000000,0.000000,0.0,0,0*
$CANSAT,1153,34976,1008.86,31.86,-0.25,-0.00,-0.00,0.90,-0.01,0.09,-0.06,0,0.000000,0.000000,0.0,0,0*
$CANSAT,1154,35001,1008.86,31.86,-0.16,-0.01,-0.00,0.90,-0.01,-0.03,0.07,0,0.000000,0.000000,0.0,0,0*
$CANSAT,1155,35026,1008.85,31.86,-0.16,-0.00,-0.00,0.90,-0.01,0.03,-0.06,0,0.000000,0.000000,0.0,0,0*
$CANSAT,1156,35051,1008.85,31.86,-0.16,-0.00,-0.00,0.90,-0.01,0.09,0.07,0,0.000000,0.000000,0.0,0,0*
$CANSAT,1157,35076,1008.85,31.86,-0.16,-0.00,-0.00,0.90,-0.07,0.03,-0.06,0,0.000000,0.000000,0.0,0,0*
$CANSAT,1158,35101,1008.83,31.86,0.01,-0.00,-0.00,0.90,0.05,-0.03,0.01,0,0.000000,0.000000,0.0,0,0*
$CANSAT,1159,35126,1008.83,31.86,0.01,-0.00,-0.00,0.90,-0.07,0.03,0.01,0,0.000000,0.000000,0.0,0,0*
$CANSAT,1160,35151,1008.83,31.86,0.01,-0.00,-0.00,0.90,-0.01,-0.03,0.01,0,0.000000,0.000000,0.0,0,0*
$CANSAT,1161,35176,1008.83,31.86,0.01,-0.00,-0.00,0.90,-0.01,0.03,0.01,0,0.000000,0.000000,0.0,0,0*
$CANSAT,1162,35202,1008.83,31.86,0.02,-0.00,-0.00,0.90,-0.01,0.09,-0.06,0,0.000000,0.000000,0.0,0,0*
$CANSAT,1163,35227,1008.83,31.86,0.02,-0.00,-0.00,0.90,-0.01,0.03,0.01,0,0.000000,0.000000,0.0,0,0*
$CANSAT,1164,35252,1008.83,31.86,0.02,-0.00,-0.00,0.90,-0.01,-0.03,0.01,0,0.000000,0.000000,0.0,0,0*
$CANSAT,1165,35277,1008.83,31.86,0.02,-0.00,-0.00,0.90,-0.01,-0.03,0.01,0,0.000000,0.000000,0.0,0,0*
$CANSAT,1166,35302,1008.83,31.86,0.04,-0.00,-0.00,0.90,0.05,0.09,0.01,0,0.000000,0.000000,0.0,0,0*
$CANSAT,1167,35327,1008.83,31.86,0.04,-0.00,-0.00,0.90,-0.07,0.03,0.01,0,0.000000,0.000000,0.0,0,0*
$CANSAT,1168,35352,1008.83,31.86,0.04,-0.00,-0.00,0.90,0.11,0.03,0.01,0,0.000000,0.000000,0.0,0,0*
$CANSAT,1169,35377,1008.83,31.86,0.04,-0.00,-0.00,0.90,0.05,0.15,-0.06,0,0.000000,0.000000,0.0,0,0*
$CANSAT,1170,35402,1008.86,31.87,-0.20,-0.00,-0.00,0.90,-0.07,0.03,-0.06,0,0.000000,0.000000,0.0,0,0*
$CANSAT,1171,35427,1008.86,31.87,-0.20,-0.00,-0.00,0.90,0.05,0.03,0.01,0,0.000000,0.000000,0.0,0,0*
$CANSAT,1172,35453,1008.86,31.87,-0.20,-0.00,-0.00,0.90,-0.01,0.03,-0.06,0,0.000000,0.000000,0.0,0,0*
$CANSAT,1173,35478,1008.86,31.87,-0.20,-0.00,0.00,0.90,-0.07,0.03,0.01,0,0.000000,0.000000,0.0,0,0*
$CANSAT,1174,35503,1008.85,31.86,-0.11,-0.00,-0.00,0.90,-0.07,0.09,0.07,0,0.000000,0.000000,0.0,0,0*
$CANSAT,1175,35528,1008.85,31.86,-0.11,-0.00,-0.00,0.90,-0.01,-0.03,0.01,0,0.000000,0.000000,0.0,0,0*
$CANSAT,1176,35553,1008.85,31.86,-0.11,-0.00,-0.00,0.90,-0.07,0.03,-0.06,0,0.000000,0.000000,0.0,0,0*
$CANSAT,1177,35578,1008.85,31.86,-0.11,-0.00,-0.00,0.90,0.05,0.03,0.01,0,0.000000,0.000000,0.0,0,0*
$CANSAT,1178,35603,1008.83,31.87,0.03,-0.00,-0.00,0.90,0.05,-0.10,0.01,0,0.000000,0.000000,0.0,0,0*
$CANSAT,1179,35628,1008.83,31.87,0.03,-0.00,-0.00,0.90,-0.01,-0.03,0.01,0,0.000000,0.000000,0.0,0,0*
$CANSAT,1180,35653,1008.83,31.87,0.03,-0.00,-0.00,0.90,-0.01,-0.03,-0.06,0,0.000000,0.000000,0.0,0,0*
$CANSAT,1181,35678,1008.83,31.87,0.03,-0.00,-0.00,0.90,-0.01,0.03,0.01,0,0.000000,0.000000,0.0,0,0*
$CANSAT,1182,35704,1008.87,31.87,-0.27,-0.00,-0.00,0.90,-0.01,-0.03,0.07,0,0.000000,0.000000,0.0,0,0*
$CANSAT,1183,35729,1008.87,31.87,-0.27,-0.00,-0.00,0.90,-0.01,0.09,-0.06,0,0.000000,0.000000,0.0,0,0*
$CANSAT,1184,35754,1008.87,31.87,-0.27,-0.00,-0.00,0.90,0.05,-0.03,-0.06,0,0.000000,0.000000,0.0,0,0*
$CANSAT,1185,35779,1008.87,31.87,-0.27,-0.00,-0.00,0.90,0.05,0.09,0.07,0,0.000000,0.000000,0.0,0,0*
$CANSAT,1186,35804,1008.84,31.86,-0.05,-0.00,-0.00,0.90,-0.01,0.09,0.01,0,0.000000,0.000000,0.0,0,0*
$CANSAT,1187,35829,1008.84,31.86,-0.05,-0.00,-0.00,0.90,0.05,-0.03,0.01,0,0.000000,0.000000,0.0,0,0*
$CANSAT,1188,35854,1008.84,31.86,-0.05,-0.00,-0.00,0.90,0.05,-0.03,-0.06,0,0.000000,0.000000,0.0,0,0*
$CANSAT,1189,35879,1008.84,31.86,-0.05,-0.00,-0.00,0.90,0.11,0.03,0.01,0,0.000000,0.000000,0.0,0,0*
$CANSAT,1190,35904,1008.86,31.86,-0.25,-0.00,-0.00,0.90,0.05,0.03,0.01,0,0.000000,0.000000,0.0,0,0*
$CANSAT,1191,35929,1008.86,31.86,-0.25,-0.00,-0.00,0.90,0.05,0.03,-0.06,0,0.000000,0.000000,0.0,0,0*
$CANSAT,1192,35955,1008.86,31.86,-0.25,-0.00,-0.00,0.90,-0.07,0.03,0.07,0,0.000000,0.000000,0.0,0,0*
$CANSAT,1193,35980,1008.86,31.87,-0.45,-0.00,-0.00,0.90,-0.01,0.03,0.01,0,0.000000,0.000000,0.0,0,0*
$CANSAT,1194,36005,1008.89,31.87,-0.45,-0.00,-0.00,0.90,-0.07,0.03,-0.06,0,0.000000,0.000000,0.0,0,0*
$CANSAT,1195,36030,1008.89,31.87,-0.45,-0.00,-0.00,0.90,-0.01,0.03,-0.06,0,0.000000,0.000000,0.0,0,0*
$CANSAT,1196,36055,1008.89,31.87,-0.45,-0.00,-0.00,0.90,0.05,0.03,0.07,0,0.000000,0.000000,0.0,0,0*
$CANSAT,1197,36080,1008.85,31.86,-0.10,-0.00,-0.00,0.90,-0.01,0.03,0.01,0,0.000000,0.000000,0.0,0,0*
$CANSAT,1198,36105,1008.85,31.86,-0.10,-0.00,-0.00,0.90,0.05,0.09,0.01,0,0.000000,0.000000,0.0,0,0*
$CANSAT,1199,36130,1008.85,31.86,-0.10,-0.00,-0.00,0.90,-0.07,0.15,0.01,0,0.000000,0.000000,0.0,0,0*
$CANSAT,1200,36155,1008.85,31.86,-0.10,-0.00,-0.00,0.90,-0.01,-0.03,0.07,0,0.000000,0.000000,0.0,0,0*
$CANSAT,1201,36180,1008.83,31.86,0.06,-0.00,-0.00,0.90,0.05,0.03,0.01,0,0.000000,0.000000,0.0,0,0*
$CANSAT,1202,36206,1008.83,31.86,0.06,-0.00,-0.00,0.90,-0.13,-0.03,0.01,0,0.000000,0.000000,0.0,0,0*
$CANSAT,1203,36231,1008.83,31.86,0.06,-0.00,-0.00,0.90,-0.01,0.09,-0.06,0,0.000000,0.000000,0.0,0,0*
$CANSAT,1204,36256,1008.83,31.86,0.06,-0.00,-0.00,0.90,-0.01,0.03,0.01,0,0.000000,0.000000,0.0,0,0*
$CANSAT,1205,36281,1008.84,31.86,-0.09,-0.00,-0.00,0.90,0.11,0.03,0.01,0,0.000000,0.000000,0.0,0,0*
$CANSAT,1206,36306,1008.84,31.86,-0.09,-0.00,-0.00,0.90,-0.07,0.03,0.01,0,0.000000,0.000000,0.0,0,0*
$CANSAT,1207,36331,1008.84,31.86,-0.09,-0.00,-0.00,0.90,0.05,0.03,0.13,0,0.000000,0.000000,0.0,0,0*
$CANSAT,1208,36356,1008.84,31.86,-0.09,-0.00,-0.00,0.90,0.05,0.09,0.13,0,0.000000,0.000000,0.0,0,0*
$CANSAT,1209,36381,1008.84,31.86,-0.04,-0.00,-0.00,0.90,-0.07,0.09,0.01,0,0.000000,0.000000,0.0,0,0*
$CANSAT,1210,36406,1008.84,31.86,-0.04,-0.00,-0.00,0.90,-0.01,-0.10,0.01,0,0.000000,0.000000,0.0,0,0*
$CANSAT,1211,36431,1008.84,31.86,-0.04,-0.00,-0.00,0.90,0.05,0.09,0.01,0,0.000000,0.000000,0.0,0,0*
$CANSAT,1212,36457,1008.84,31.86,-0.04,-0.00,-0.00,0.90,-0.07,0.03,0.07,0,0.000000,0.000000,0.0,0,0*
$CANSAT,1213,36482,1008.83,31.86,0.01,-0.00,-0.00,0.90,0.05,0.03,-0.06,0,0.000000,0.000000,0.0,0,0*
$CANSAT,1214,36507,1008.83,31.86,0.01,-0.00,-0.00,0.90,-0.07,-0.03,0.01,0,0.000000,0.000000,0.0,0,0*
$CANSAT,1215,36532,1008.83,31.86,0.01,-0.00,-0.00,0.90,0.05,0.03,-0.06,0,0.000000,0.000000,0.0,0,0*
$CANSAT,1216,36557,1008.83,31.86,0.01,-0.00,-0.00,0.90,0.11,0.03,0.01,0,0.000000,0.000000,0.0,0,0*
$CANSAT,1217,36582,1008.85,31.86,-0.10,-0.00,-0.00,0.90,0.05,0.03,-0.06,0,0.000000,0.000000,0.0,0,0*
$CANSAT,1218,36607,1008.85,31.86,-0.10,-0.00,-0.00,0.90,0.05,0.03,0.07,0,0.000000,0.000000,0.0,0,0*
$CANSAT,1219,36632,1008.85,31.86,-0.10,-0.00,-0.00,0.90,0.05,0.03,0.01,0,0.000000,0.000000,0.0,0,0*
$CANSAT,1220,36657,1008.85,31.86,-0.10,-0.00,-0.00,0.90,0.05,-0.03,0.01,0,0.000000,0.000000,0.0,0,0*
$CANSAT,1221,36682,1008.87,31.86,-0.34,-0.00,-0.00,0.90,-0.07,0.09,0.01,0,0.000000,0.000000,0.0,0,0*
$CANSAT,1222,36708,1008.87,31.86,-0.34,-0.00,-0.00,0.90,0.05,-0.03,-0.06,0,0.000000,0.000000,0.0,0,0*
$CANSAT,1223,36733,1008.87,31.86,-0.34,-0.00,-0.00,0.90,0.05,0.09,0.01,0,0.000000,0.000000,0.0,0,0*
$CANSAT,1224,36758,1008.87,31.86,-0.34,-0.00,-0.00,0.90,-0.01,0.03,0.01,0,0.000000,0.000000,0.0,0,0*
$CANSAT,1225,36783,1008.86,31.86,-0.24,-0.00,-0.00,0.90,-0.07,-0.03,0.01,0,0.000000,0.000000,0.0,0,0*
$CANSAT,1226,36808,1008.86,31.86,-0.24,-0.00,-0.00,0.90,-0.07,0.03,0.07,0,0.000000,0.000000,0.0,0,0*
$CANSAT,1227,36833,1008.86,31.86,-0.24,-0.00,-0.00,0.90,0.05,0.03,0.01,0,0.000000,0.000000,0.0,0,0*
$CANSAT,1228,36858,1008.86,31.86,-0.24,-0.00,-0.00,0.90,-0.01,0.09,0.01,0,0.000000,0.000000,0.0,0,0*
$CANSAT,1229,36883,1008.86,31.86,-0.25,-0.00,-0.00,0.90,-0.01,-0.03,-0.06,0,0.000000,0.000000,0.0,0,0*
$CANSAT,1230,36908,1008.86,31.86,-0.25,-0.00,-0.00,0.90,-0.01,0.03,0.01,0,0.000000,0.000000,0.0,0,0*
$CANSAT,1231,36933,1008.86,31.86,-0.25,-0.00,-0.00,0.90,0.11,-0.03,0.07,0,0.000000,0.000000,0.0,0,0*
$CANSAT,1232,36959,1008.86,31.86,-0.39,-0.00,-0.00,0.90,0.05,0.03,0.01,0,0.000000,0.000000,0.0,0,0*
$CANSAT,1233,36984,1008.88,31.86,-0.39,-0.00,-0.00,0.90,-0.07,0.03,-0.06,0,0.000000,0.000000,0.0,0,0*
$CANSAT,1234,37009,1008.88,31.86,-0.39,-0.00,-0.00,0.90,-0.01,-0.10,0.01,0,0.000000,0.000000,0.0,0,0*
$CANSAT,1235,37034,1008.88,31.86,-0.39,-0.00,-0.00,0.90,-0.01,-0.03,-0.06,0,0.000000,0.000000,0.0,0,0*
$CANSAT,1236,37059,1008.86,31.86,-0.22,-0.00,-0.00,0.90,-0.07,0.15,0.01,0,0.000000,0.000000,0.0,0,0*
$CANSAT,1237,37084,1008.86,31.86,-0.22,-0.00,-0.00,0.90,0.11,0.03,0.01,0,0.000000,0.000000,0.0,0,0*
$CANSAT,1238,37109,1008.86,31.86,-0.22,-0.00,-0.00,0.90,-0.01,0.09,0.01,0,0.000000,0.000000,0.0,0,0*
$CANSAT,1239,37134,1008.86,31.86,-0.22,-0.00,-0.00,0.90,-0.01,0.09,0.01,0,0.000000,0.000000,0.0,0,0*
$CANSAT,1240,37159,1008.88,31.86,-0.38,-0.00,-0.00,0.90,0.05,-0.10,-0.06,0,0.000000,0.000000,0.0,0,0*
$CANSAT,1241,37184,1008.88,31.86,-0.38,-0.00,-0.00,0.90,-0.01,0.09,0.07,0,0.000000,0.000000,0.0,0,0*
$CANSAT,1242,37210,1008.88,31.86,-0.38,-0.01,-0.00,0.90,-0.01,0.03,0.07,0,0.000000,0.000000,0.0,0,0*
$CANSAT,1243,37235,1008.88,31.86,-0.38,-0.00,-0.00,0.90,-0.01,0.03,0.01,0,0.000000,0.000000,0.0,0,0*
$CANSAT,1244,37260,1008.83,31.86,0.04,-0.00,-0.00,0.90,0.11,0.09,-0.06,0,0.000000,0.000000,0.0,0,0*
$CANSAT,1245,37285,1008.83,31.86,0.04,-0.00,-0.00,0.90,0.05,0.09,-0.06,0,0.000000,0.000000,0.0,0,0*
$CANSAT,1246,37310,1008.83,31.86,0.04,-0.00,-0.00,0.90,-0.01,0.03,0.01,0,0.000000,0.000000,0.0,0,0*
$CANSAT,1247,37335,1008.83,31.86,0.04,-0.00,-0.00,0.90,-0.01,0.03,0.01,0,0.000000,0.000000,0.0,0,0*
$CANSAT,1248,37360,1008.86,31.86,-0.19,-0.00,-0.00,0.90,-0.01,0.03,0.07,0,0.000000,0.000000,0.0,0,0*
$CANSAT,1249,37385,1008.86,31.86,-0.19,-0.00,-0.00,0.90,0.17,0.09,0.13,0,0.000000,0.000000,0.0,0,0*
$CANSAT,1250,37410,1008.86,31.86,-0.19,-0.00,-0.00,0.90,-0.07,-0.03,0.07,0,0.000000,0.000000,0.0,0,0*
$CANSAT,1251,37435,1008.86,31.86,-0.19,-0.00,-0.00,0.90,0.05,0.03,0.01,0,0.000000,0.000000,0.0,0,0*
$CANSAT,1252,37461,1008.87,31.87,-0.33,-0.00,-0.00,0.90,-0.07,0.03,0.01,0,0.000000,0.000000,0.0,0,0*
$CANSAT,1253,37486,1008.87,31.87,-0.33,-0.00,-0.00,0.90,-0.01,-0.03,0.01,0,0.000000,0.000000,0.0,0,0*
$CANSAT,1254,37511,1008.87,31.87,-0.33,-0.00,-0.00,0.90,0.05,-0.03,0.01,0,0.000000,0.000000,0.0,0,0*
$CANSAT,1255,37536,1008.87,31.87,-0.33,-0.00,-0.00,0.90,-0.01,0.09,-0.12,0,0.000000,0.000000,0.0,0,0*
$CANSAT,1256,37561,1008.88,31.87,-0.35,-0.00,-0.00,0.90,0.05,0.03,0.07,0,0.000000,0.000000,0.0,0,0*
$CANSAT,1257,37586,1008.88,31.87,-0.35,-0.00,-0.00,0.90,0.05,0.03,0.01,0,0.000000,0.000000,0.0,0,0*
$CANSAT,1258,37611,1008.88,31.87,-0.35,-0.01,-0.00,0.90,-0.07,-0.03,0.07,0,0.000000,0.000000,0.0,0,0*
$CANSAT,1259,37636,1008.88,31.87,-0.35,-0.00,-0.00,0.90,0.05,0.03,0.01,0,0.000000,0.000000,0.0,0,0*
$CANSAT,1260,37661,1008.88,31.86,-0.34,-0.00,-0.00,0.90,-0.01,0.03,0.01,0,0.000000,0.000000,0.0,0,0*
$CANSAT,1261,37686,1008.88,31.86,-0.34,-0.00,-0.00,0.90,-0.07,0.09,-0.06,0,0.000000,0.000000,0.0,0,0*
$CANSAT,1262,37712,1008.88,31.86,-0.34,-0.00,-0.00,0.90,-0.01,0.03,0.13,0,0.000000,0.000000,0.0,0,0*
$CANSAT,1263,37737,1008.88,31.86,-0.34,-0.00,-0.00,0.90,-0.07,0.09,-0.06,0,0.000000,0.000000,0.0,0,0*
$CANSAT,1264,37762,1008.85,31.87,-0.15,-0.00,-0.00,0.90,0.05,0.09,0.07,0,0.000000,0.000000,0.0,0,0*
$CANSAT,1265,37787,1008.85,31.87,-0.15,-0.00,-0.00,0.90,-0.07,-0.03,0.13,0,0.000000,0.000000,0.0,0,0*
$CANSAT,1266,37812,1008.85,31.87,-0.15,-0.00,-0.00,0.90,-0.01,0.09,0.01,0,0.000000,0.000000,0.0,0,0*
$CANSAT,1267,37837,1008.85,31.87,-0.15,-0.00,-0.00,0.90,-0.01,0.03,0.01,0,0.000000,0.000000,0.0,0,0*
$CANSAT,1268,37862,1008.89,31.87,-0.47,-0.00,-0.00,0.90,-0.13,0.09,0.01,0,0.000000,0.000000,0.0,0,0*
$CANSAT,1269,37887,1008.89,31.87,-0.47,-0.00,-0.00,0.90,0.05,0.03,-0.06,0,0.000000,0.000000,0.0,0,0*
$CANSAT,1270,37912,1008.89,31.87,-0.47,-0.00,-0.00,0.90,0.05,0.03,0.01,0,0.000000,0.000000,0.0,0,0*
$CANSAT,1271,37937,1008.89,31.87,-0.08,-0.00,-0.00,0.90,-0.01,0.15,-0.12,0,0.000000,0.000000,0.0,0,0*
$CANSAT,1272,37963,1008.84,31.86,-0.08,-0.00,-0.00,0.90,-0.07,0.09,0.01,0,0.000000,0.000000,0.0,0,0*
$CANSAT,1273,37988,1008.84,31.86,-0.08,-0.00,-0.00,0.90,-0.07,-0.03,0.07,0,0.000000,0.000000,0.0,0,0*
$CANSAT,1274,38013,1008.84,31.86,-0.08,-0.00,-0.00,0.90,-0.01,0.03,-0.12,0,0.000000,0.000000,0.0,0,0*
$CANSAT,1275,38038,1008.82,31.87,0.09,-0.00,-0.00,0.90,-0.01,0.09,0.01,0,0.000000,0.000000,0.0,0,0*
$CANSAT,1276,38063,1008.82,31.87,0.09,-0.00,-0.00,0.90,0.05,0.03,0.01,0,0.000000,0.000000,0.0,0,0*
$CANSAT,1277,38088,1008.82,31.87,0.09,-0.00,-0.00,0.90,0.05,0.03,0.01,0,0.000000,0.000000,0.0,0,0*
$CANSAT,1278,38113,1008.82,31.87,0.09,-0.00,-0.00,0.90,0.11,0.09,0.01,0,0.000000,0.000000,0.0,0,0*
$CANSAT,1279,38138,1008.85,31.86,-0.11,-0.00,-0.00,0.90,-0.01,-0.03,0.07,0,0.000000,0.000000,0.0,0,0*
$CANSAT,1280,38163,1008.85,31.86,-0.11,-0.01,-0.00,0.90,0.05,0.03,0.01,0,0.000000,0.000000,0.0,0,0*
$CANSAT,1281,38188,1008.85,31.86,-0.11,-0.00,-0.00,0.90,0.05,0.09,0.01,0,0.000000,0.000000,0.0,0,0*
$CANSAT,1282,38214,1008.85,31.86,-0.11,-0.00,-0.00,0.90,-0.01,0.09,0.01,0,0.000000,0.000000,0.0,0,0*
$CANSAT,1283,38239,1008.87,31.86,-0.27,-0.00,-0.00,0.90,0.05,0.09,-0.06,0,0.000000,0.000000,0.0,0,0*
$CANSAT,1284,38264,1008.87,31.86,-0.27,-0.00,-0.00,0.90,-0.01,0.03,-0.12,0,0.000000,0.000000,0.0,0,0*
$CANSAT,1285,38289,1008.87,31.86,-0.27,-0.00,-0.00,0.90,-0.01,0.09,0.01,0,0.000000,0.000000,0.0,0,0*
$CANSAT,1286,38314,1008.87,31.86,-0.27,-0.00,-0.00,0.90,0.05,0.09,0.07,0,0.000000,0.000000,0.0,0,0*
$CANSAT,1287,38339,1008.87,31.87,-0.30,-0.00,-0.00,0.90,-0.01,-0.03,0.01,0,0.000000,0.000000,0.0,0,0*
$CANSAT,1288,38364,1008.87,31.87,-0.30,-0.00,-0.00,0.90,-0.01,0.09,0.07,0,0.000000,0.000000,0.0,0,0*
$CANSAT,1289,38389,1008.87,31.87,-0.30,-0.00,-0.00,0.90,-0.01,-0.03,0.01,0,0.000000,0.000000,0.0,0,0*
$CANSAT,1290,38414,1008.87,31.87,-0.30,-0.00,-0.00,0.90,-0.01,0.03,0.01,0,0.000000,0.000000,0.0,0,0*
$CANSAT,1291,38439,1008.85,31.86,-0.12,-0.00,-0.00,0.90,-0.01,0.03,0.07,0,0.000000,0.000000,0.0,0,0*
$CANSAT,1292,38465,1008.85,31.86,-0.12,-0.00,-0.00,0.90,-0.01,0.03,-0.12,0,0.000000,0.000000,0.0,0,0*
$CANSAT,1293,38490,1008.85,31.86,-0.12,-0.00,-0.00,0.90,-0.07,0.03,0.07,0,0.000000,0.000000,0.0,0,0*
$CANSAT,1294,38515,1008.85,31.86,-0.12,-0.00,-0.00,0.90,-0.07,0.09,0.07,0,0.000000,0.000000,0.0,0,0*
$CANSAT,1295,38540,1008.85,31.86,-0.10,-0.00,-0.00,0.90,-0.01,0.09,0.01,0,0.000000,0.000000,0.0,0,0*
$CANSAT,1296,38565,1008.85,31.86,-0.10,-0.00,-0.00,0.90,0.11,0.03,0.07,0,0.000000,0.000000,0.0,0,0*
$CANSAT,1297,38590,1008.85,31.86,-0.10,-0.01,-0.00,0.90,-0.07,0.03,0.01,0,0.000000,0.000000,0.0,0,0*
$CANSAT,1298,38615,1008.85,31.86,-0.10,-0.00,-0.00,0.90,-0.01,0.03,0.01,0,0.000000,0.000000,0.0,0,0*
$CANSAT,1299,38640,1008.86,31.86,-0.21,-0.00,-0.00,0.90,-0.01,0.03,0.01,0,0.000000,0.000000,0.0,0,0*
$CANSAT,1300,38665,1008.86,31.86,-0.21,-0.00,-0.00,0.90,0.11,0.03,0.01,0,0.000000,0.000000,0.0,0,0*
$CANSAT,1301,38690,1008.86,31.86,-0.21,-0.00,-0.00,0.90,-0.01,0.09,0.01,0,0.000000,0.000000,0.0,0,0*
$CANSAT,1302,38716,1008.86,31.86,-0.21,-0.00,-0.01,0.90,0.05,-0.03,0.01,0,0.000000,0.000000,0.0,0,0*
$CANSAT,1303,38741,1008.87,31.87,-0.27,-0.00,-0.00,0.90,-0.07,0.15,0.01,0,0.000000,0.000000,0.0,0,0*
$CANSAT,1304,38766,1008.87,31.87,-0.27,-0.00,-0.00,0.90,-0.01,0.09,0.01,0,0.000000,0.000000,0.0,0,0*
$CANSAT,1305,38791,1008.87,31.87,-0.27,-0.00,-0.00,0.90,0.05,0.03,0.07,0,0.000000,0.000000,0.0,0,0*
$CANSAT,1306,38816,1008.87,31.87,-0.27,-0.00,-0.00,0.90,0.05,-0.03,0.01,0,0.000000,0.000000,0.0,0,0*
$CANSAT,1307,38841,1008.86,31.87,-0.18,-0.00,-0.00,0.90,-0.01,0.15,0.07,0,0.000000,0.000000,0.0,0,0*
$CANSAT,1308,38866,1008.86,31.87,-0.18,-0.00,-0.00,0.90,-0.01,0.03,-0.06,0,0.000000,0.000000,0.0,0,0*
$CANSAT,1309,38891,1008.86,31.87,-0.18,-0.00,-0.00,0.90,-0.01,0.09,0.07,0,0.000000,0.000000,0.0,0,0*
$CANSAT,1310,38916,1008.86,31.87,-0.09,-0.00,-0.00,0.90,-0.01,0.03,-0.06,0,0.000000,0.000000,0.0,0,0*
$CANSAT,1311,38941,1008.84,31.87,-0.09,-0.00,-0.01,0.90,-0.07,0.03,0.07,0,0.000000,0.000000,0.0,0,0*
$CANSAT,1312,38967,1008.84,31.87,-0.09,-0.00,-0.00,0.90,-0.01,-0.03,-0.06,0,0.000000,0.000000,0.0,0,0*
$CANSAT,1313,38992,1008.84,31.87,-0.09,-0.00,-0.00,0.90,-0.07,0.03,0.07,0,0.000000,0.000000,0.0,0,0*
$CANSAT,1314,39017,1008.84,31.87,-0.09,-0.00,-0.00,0.90,-0.01,0.09,0.07,0,0.000000,0.000000,0.0,0,0*
$CANSAT,1315,39042,1008.84,31.87,-0.09,-0.00,-0.00,0.90,-0.07,-0.03,0.07,0,0.000000,0.000000,0.0,0,0*
$CANSAT,1316,39067,1008.84,31.87,-0.09,-0.00,-0.00,0.90,0.11,0.03,0.01,0,0.000000,0.000000,0.0,0,0*
$CANSAT,1317,39092,1008.84,31.87,-0.09,-0.00,-0.00,0.90,-0.01,0.09,0.01,0,0.000000,0.000000,0.0,0,0*
$CANSAT,1318,39117,1008.86,31.86,-0.25,-0.01,-0.00,0.90,-0.01,0.15,0.01,0,0.000000,0.000000,0.0,0,0*
$CANSAT,1319,39142,1008.86,31.86,-0.25,-0.00,-0.00,0.90,-0.07,0.03,0.13,0,0.000000,0.000000,0.0,0,0*
$CANSAT,1320,39167,1008.86,31.86,-0.25,-0.00,-0.00,0.90,0.05,-0.03,0.07,0,0.000000,0.000000,0.0,0,0*
$CANSAT,1321,39192,1008.86,31.86,-0.25,-0.00,-0.00,0.90,-0.07,0.09,0.01,0,0.000000,0.000000,0.0,0,0*
$CANSAT,1322,39218,1008.87,31.87,-0.33,-0.00,-0.00,0.90,-0.07,0.15,0.01,0,0.000000,0.000000,0.0,0,0*
$CANSAT,1323,39243,1008.87,31.87,-0.33,-0.00,-0.00,0.90,-0.01,0.09,-0.06,0,0.000000,0.000000,0.0,0,0*
$CANSAT,1324,39268,1008.87,31.87,-0.33,-0.00,-0.00,0.90,-0.01,0.03,0.01,0,0.000000,0.000000,0.0,0,0*
$CANSAT,1325,39293,1008.87,31.87,-0.33,-0.00,-0.00,0.90,-0.07,0.15,0.01,0,0.000000,0.000000,0.0,0,0*
$CANSAT,1326,39318,1008.87,31.87,-0.27,-0.00,-0.00,0.90,0.11,0.09,0.01,0,0.000000,0.000000,0.0,0,0*
$CANSAT,1327,39343,1008.87,31.87,-0.27,-0.00,-0.00,0.90,-0.07,0.03,0.01,0,0.000000,0.000000,0.0,0,0*
$CANSAT,1328,39368,1008.87,31.87,-0.27,-0.00,-0.00,0.90,-0.01,0.03,0.01,0,0.000000,0.000000,0.0,0,0*
$CANSAT,1329,39393,1008.87,31.87,-0.27,0.00,-0.00,0.90,-0.01,0.15,0.07,0,0.000000,0.000000,0.0,0,0*
$CANSAT,1330,39418,1008.86,31.87,-0.22,-0.00,-0.00,0.90,-0.01,0.03,0.07,0,0.000000,0.000000,0.0,0,0*
$CANSAT,1331,39443,1008.86,31.87,-0.22,0.01,-0.09,0.88,-0.74,-0.16,7.44,0,0.000000,0.000000,0.0,0,0*
$CANSAT,1332,39469,1008.86,31.87,-0.22,0.01,-0.10,0.87,-32.02,0.58,-0.12,0,0.000000,0.000000,0.0,0,0*
$CANSAT,1333,39494,1008.86,31.87,-0.22,0.02,-0.03,0.86,8.41,-0.40,6.53,0,0.000000,0.000000,0.0,0,0*
$CANSAT,1334,39519,1008.86,31.87,-0.20,-0.08,-0.12,0.89,-1.17,-0.10,11.47,0,0.000000,0.000000,0.0,0,0*
$CANSAT,1335,39544,1008.86,31.87,-0.20,0.03,0.01,0.90,1.33,-1.19,-0.06,0,0.000000,0.000000,0.0,0,0*
$CANSAT,1336,39569,1008.86,31.87,-0.20,-0.01,0.02,0.90,-0.25,0.15,-6.03,0,0.000000,0.000000,0.0,0,0*
$CANSAT,1337,39594,1008.86,31.87,-0.20,-0.01,-0.01,0.90,-0.13,0.09,-0.67,0,0.000000,0.000000,0.0,0,0*
$CANSAT,1338,39619,1008.87,31.87,-0.31,-0.01,-0.02,0.90,-0.07,0.09,-1.88,0,0.000000,0.000000,0.0,0,0*
$CANSAT,1339,39644,1008.87,31.87,-0.31,0.08,0.02,0.90,-0.01,-0.03,-2.19,0,0.000000,0.000000,0.0,0,0*
$CANSAT,1340,39669,1008.87,31.87,-0.31,0.05,-0.01,0.90,-0.92,0.27,-33.04,0,0.000000,0.000000,0.0,0,0*
$CANSAT,1341,39694,1008.87,31.87,-0.31,-0.07,-0.04,0.90,-0.86,0.27,-29.26,0,0.000000,0.000000,0.0,0,0*
$CANSAT,1342,39720,1008.85,31.87,-0.15,-0.01,-0.02,0.90,-0.56,0.21,-18.29,0,0.000000,0.000000,0.0,0,0*
$CANSAT,1343,39745,1008.85,31.87,-0.15,-0.03,-0.01,0.90,1.21,-2.17,-19.69,0,0.000000,0.000000,0.0,0,0*
$CANSAT,1344,39770,1008.85,31.87,-0.15,-0.06,0.05,0.90,-1.17,0.82,-22.62,0,0.000000,0.000000,0.0,0,0*
$CANSAT,1345,39795,1008.85,31.87,-0.15,-0.06,0.03,0.90,-0.13,0.03,-5.97,0,0.000000,0.000000,0.0,0,0*
$CANSAT,1346,39820,1008.86,31.87,-0.18,-0.00,-0.00,0.90,-0.01,0.09,-0.06,0,0.000000,0.000000,0.0,0,0*
$CANSAT,1347,39845,1008.86,31.87,-0.18,0.00,-0.00,0.90,-0.01,0.03,0.01,0,0.000000,0.000000,0.0,0,0*
$CANSAT,1348,39870,1008.86,31.87,-0.18,0.01,0.00,0.90,-0.62,0.94,0.07,0,0.000000,0.000000,0.0,0,0*
$CANSAT,1349,39895,1008.86,31.87,-0.11,0.00,0.00,0.90,-2.08,2.89,0.13,0,0.000000,0.000000,0.0,0,0*
$CANSAT,1350,39920,1008.85,31.87,-0.11,0.02,0.01,0.90,2.06,-2.90,-0.12,0,0.000000,0.000000,0.0,0,0*
$CANSAT,1351,39945,1008.85,31.87,-0.11,0.01,0.00,0.90,-0.19,0.21,0.01,0,0.000000,0.000000,0.0,0,0*
$CANSAT,1352,39971,1008.85,31.87,-0.11,-0.05,-0.04,0.90,-1.05,1.37,0.07,0,0.000000,0.000000,0.0,0,0*
$CANSAT,1353,39996,1008.86,31.87,-0.19,0.01,0.00,0.90,-0.19,0.21,0.01,0,0.000000,0.000000,0.0,0,0*
$CANSAT,1354,40021,1008.86,31.87,-0.19,-0.02,-0.02,0.90,-1.17,1.67,0.07,0,0.000000,0.000000,0.0,0,0*
$CANSAT,1355,40046,1008.86,31.87,-0.19,0.01,0.00,0.90,0.11,-0.03,0.01,0,0.000000,0.000000,0.0,0,0*
$CANSAT,1356,40071,1008.86,31.87,-0.19,-0.01,-0.01,0.90,-0.86,1.12,0.01,0,0.000000,0.000000,0.0,0,0*
$CANSAT,1357,40096,1008.84,31.87,-0.04,0.01,0.00,0.90,-0.19,0.21,0.01,0,0.000000,0.000000,0.0,0,0*
$CANSAT,1358,40121,1008.84,31.87,-0.04,-0.01,-0.02,0.90,-0.13,0.09,0.07,0,0.000000,0.000000,0.0,0,0*
$CANSAT,1359,40146,1008.84,31.87,-0.04,-0.00,-0.01,0.90,-0.62,0.94,0.01,0,0.000000,0.000000,0.0,0,0*
$CANSAT,1360,40171,1008.84,31.87,-0.04,0.01,0.00,0.90,0.66,-0.83,-0.06,0,0.000000,0.000000,0.0,0,0*
$CANSAT,1361,40196,1008.85,31.87,-0.15,-0.00,-0.01,0.90,0.05,-0.03,-0.06,0,0.000000,0.000000,0.0,0,0*
$CANSAT,1362,40222,1008.85,31.87,-0.15,0.00,-0.00,0.90,-0.25,0.51,0.01,0,0.000000,0.000000,0.0,0,0*
$CANSAT,1363,40247,1008.85,31.87,-0.15,0.01,0.00,0.90,-0.13,0.33,0.07,0,0.000000,0.000000,0.0,0,0*
$CANSAT,1364,40272,1008.85,31.87,-0.15,0.01,0.00,0.90,0.36,-0.34,-0.06,0,0.000000,0.000000,0.0,0,0*
$CANSAT,1365,40297,1008.87,31.86,-0.33,0.01,0.00,0.90,-0.01,0.03,0.07,0,0.000000,0.000000,0.0,0,0*
$CANSAT,1366,40322,1008.87,31.86,-0.33,0.01,0.00,0.90,0.17,-0.10,0.07,0,0.000000,0.000000,0.0,0,0*
$CANSAT,1367,40347,1008.87,31.86,-0.33,-0.00,-0.01,0.90,-0.13,0.15,-0.06,0,0.000000,0.000000,0.0,0,0*
$CANSAT,1368,40372,1008.87,31.86,-0.33,0.00,-0.00,0.90,-0.07,0.15,0.07,0,0.000000,0.000000,0.0,0,0*
$CANSAT,1369,40397,1008.85,31.87,-0.17,-0.00,-0.00,0.90,-0.01,-0.03,0.01,0,0.000000,0.000000,0.0,0,0*
$CANSAT,1370,40422,1008.85,31.87,-0.17,-0.00,-0.00,0.90,-0.07,0.03,0.01,0,0.000000,0.000000,0.0,0,0*
$CANSAT,1371,40447,1008.85,31.87,-0.17,-0.00,-0.00,0.90,0.05,0.03,0.01,0,0.000000,0.000000,0.0,0,0*
$CANSAT,1372,40473,1008.85,31.87,-0.17,-0.00,-0.00,0.90,-0.07,0.09,0.01,0,0.000000,0.000000,0.0,0,0*
$CANSAT,1373,40498,1008.84,31.86,-0.06,-0.00,-0.00,0.90,-0.07,0.03,0.01,0,0.000000,0.000000,0.0,0,0*
$CANSAT,1374,40523,1008.84,31.86,-0.06,-0.00,-0.00,0.90,0.05,0.09,-0.06,0,0.000000,0.000000,0.0,0,0*
$CANSAT,1375,40548,1008.84,31.86,-0.06,-0.00,-0.00,0.90,-0.01,0.09,0.01,0,0.000000,0.000000,0.0,0,0*
$CANSAT,1376,40573,1008.84,31.86,-0.06,-0.00,-0.00,0.90,0.05,0.03,0.01,0,0.000000,0.000000,0.0,0,0*
$CANSAT,1377,40598,1008.84,31.87,-0.01,-0.00,-0.00,0.90,0.11,0.03,0.01,0,0.000000,0.000000,0.0,0,0*
$CANSAT,1378,40623,1008.84,31.87,-0.01,-0.00,-0.00,0.90,0.05,0.09,-0.06,0,0.000000,0.000000,0.0,0,0*
$CANSAT,1379,40648,1008.84,31.87,-0.01,-0.00,-0.00,0.90,-0.01,0.09,0.01,0,0.000000,0.000000,0.0,0,0*
$CANSAT,1380,40673,1008.84,31.87,-0.01,-0.00,-0.00,0.90,-0.13,0.03,0.01,0,0.000000,0.000000,0.0,0,0*
$CANSAT,1381,40698,1008.85,31.86,-0.15,-0.00,-0.00,0.90,-0.07,0.09,-0.06,0,0.000000,0.000000,0.0,0,0*
$CANSAT,1382,40724,1008.85,31.86,-0.15,-0.00,-0.00,0.90,-0.07,0.09,0.07,0,0.000000,0.000000,0.0,0,0*
$CANSAT,1383,40749,1008.85,31.86,-0.15,-0.00,-0.00,0.90,-0.01,0.03,0.01,0,0.000000,0.000000,0.0,0,0*
$CANSAT,1384,40774,1008.85,31.86,-0.15,-0.00,-0.00,0.90,-0.07,0.09,0.07,0,0.000000,0.000000,0.0,0,0*
$CANSAT,1385,40799,1008.86,31.87,-0.18,-0.00,-0.00,0.90,-0.07,-0.03,0.07,0,0.000000,0.000000,0.0,0,0*
$CANSAT,1386,40824,1008.86,31.87,-0.18,-0.00,-0.00,0.90,-0.07,0.03,0.01,0,0.000000,0.000000,0.0,0,0*
$CANSAT,1387,40849,1008.86,31.87,-0.18,-0.00,-0.00,0.90,-0.01,0.15,0.01,0,0.000000,0.000000,0.0,0,0*
$CANSAT,1388,40874,1008.86,31.87,-0.13,-0.00,-0.00,0.90,-0.01,0.09,0.07,0,0.000000,0.000000,0.0,0,0*
$CANSAT,1389,40899,1008.85,31.86,-0.13,-0.00,-0.00,0.90,-0.07,-0.03,0.01,0,0.000000,0.000000,0.0,0,0*
$CANSAT,1390,40924,1008.85,31.86,-0.13,-0.00,-0.00,0.90,-0.01,0.03,-0.06,0,0.000000,0.000000,0.0,0,0*
$CANSAT,1391,40949,1008.85,31.86,-0.13,-0.00,-0.00,0.90,0.05,-0.03,-0.06,0,0.000000,0.000000,0.0,0,0*
$CANSAT,1392,40975,1008.83,31.87,0.03,-0.00,-0.00,0.90,0.05,0.03,0.07,0,0.000000,0.000000,0.0,0,0*
$CANSAT,1393,41000,1008.83,31.87,0.03,-0.00,-0.00,0.90,-0.01,0.03,0.01,0,0.000000,0.000000,0.0,0,0*
$CANSAT,1394,41025,1008.83,31.87,0.03,-0.00,-0.00,0.90,0.17,0.09,0.01,0,0.000000,0.000000,0.0,0,0*
$CANSAT,1395,41050,1008.83,31.87,0.03,-0.00,-0.00,0.90,-0.01,-0.03,0.07,0,0.000000,0.000000,0.0,0,0*
$CANSAT,1396,41075,1008.86,31.87,-0.24,-0.00,-0.00,0.90,0.05,0.03,0.07,0,0.000000,0.000000,0.0,0,0*
$CANSAT,1397,41100,1008.86,31.87,-0.24,-0.00,-0.00,0.90,0.05,-0.03,-0.06,0,0.000000,0.000000,0.0,0,0*
$CANSAT,1398,41125,1008.86,31.87,-0.24,-0.00,-0.00,0.90,-0.07,0.03,0.01,0,0.000000,0.000000,0.0,0,0*
$CANSAT,1399,41150,1008.86,31.87,-0.24,-0.00,-0.00,0.90,0.05,0.09,-0.06,0,0.000000,0.000000,0.0,0,0*
$CANSAT,1400,41175,1008.85,31.86,-0.14,-0.00,-0.00,0.90,-0.07,-0.03,0.01,0,0.000000,0.000000,0.0,0,0*
$CANSAT,1401,41200,1008.85,31.86,-0.14,-0.00,-0.00,0.90,-0.01,0.03,0.01,0,0.000000,0.000000,0.0,0,0*
$CANSAT,1402,41226,1008.85,31.86,-0.14,-0.00,-0.01,0.90,-0.07,0.09,0.01,0,0.000000,0.000000,0.0,0,0*
$CANSAT,1403,41251,1008.85,31.86,-0.14,-0.00,-0.00,0.90,-0.07,0.09,0.07,0,0.000000,0.000000,0.0,0,0*
$CANSAT,1404,41276,1008.87,31.86,-0.30,-0.00,-0.00,0.90,-0.01,0.09,-0.12,0,0.000000,0.000000,0.0,0,0*
$CANSAT,1405,41301,1008.87,31.86,-0.30,-0.00,-0.00,0.90,-0.01,0.03,0.07,0,0.000000,0.000000,0.0,0,0*
$CANSAT,1406,41326,1008.87,31.86,-0.30,-0.00,-0.00,0.90,-0.07,0.09,-0.06,0,0.000000,0.000000,0.0,0,0*
$CANSAT,1407,41351,1008.87,31.86,-0.30,-0.00,-0.00,0.90,-0.01,0.03,0.01,0,0.000000,0.000000,0.0,0,0*
$CANSAT,1408,41376,1008.85,31.86,-0.10,-0.00,-0.00,0.90,-0.01,-0.10,-0.06,0,0.000000,0.000000,0.0,0,0*
$CANSAT,1409,41401,1008.85,31.86,-0.10,-0.00,-0.00,0.90,-0.01,-0.03,0.01,0,0.000000,0.000000,0.0,0,0*
$CANSAT,1410,41426,1008.85,31.86,-0.10,-0.00,-0.00,0.90,-0.01,0.03,0.01,0,0.000000,0.000000,0.0,0,0*
$CANSAT,1411,41451,1008.85,31.86,-0.10,-0.00,-0.00,0.90,-0.01,0.09,-0.06,0,0.000000,0.000000,0.0,0,0*
$CANSAT,1412,41477,1008.89,31.86,-0.44,-0.00,-0.00,0.90,0.05,0.15,0.01,0,0.000000,0.000000,0.0,0,0*
$CANSAT,1413,41502,1008.89,31.86,-0.44,-0.00,-0.00,0.90,-0.01,0.09,-0.06,0,0.000000,0.000000,0.0,0,0*
$CANSAT,1414,41527,1008.89,31.86,-0.44,-0.00,-0.00,0.90,-0.07,0.03,0.01,0,0.000000,0.000000,0.0,0,0*
$CANSAT,1415,41552,1008.89,31.86,-0.44,-0.00,-0.00,0.90,-0.01,0.03,0.07,0,0.000000,0.000000,0.0,0,0*
$CANSAT,1416,41577,1008.87,31.86,-0.33,-0.00,-0.00,0.90,0.05,0.03,0.01,0,0.000000,0.000000,0.0,0,0*
$CANSAT,1417,41602,1008.87,31.86,-0.33,-0.00,-0.00,0.90,-0.01,0.03,0.01,0,0.000000,0.000000,0.0,0,0*
$CANSAT,1418,41627,1008.87,31.86,-0.33,-0.00,-0.00,0.90,0.05,0.03,0.01,0,0.000000,0.000000,0.0,0,0*
$CANSAT,1419,41652,1008.87,31.86,-0.33,-0.00,-0.00,0.90,-0.01,0.03,0.07,0,0.000000,0.000000,0.0,0,0*
$CANSAT,1420,41677,1008.86,31.86,-0.25,-0.00,-0.00,0.90,-0.01,0.03,-0.06,0,0.000000,0.000000,0.0,0,0*
$CANSAT,1421,41702,1008.86,31.86,-0.25,-0.00,-0.00,0.90,-0.07,0.03,-0.06,0,0.000000,0.000000,0.0,0,0*
$CANSAT,1422,41728,1008.86,31.86,-0.25,-0.00,-0.00,0.90,0.05,0.03,0.01,0,0.000000,0.000000,0.0,0,0*
$CANSAT,1423,41753,1008.86,31.86,-0.25,-0.00,-0.01,0.90,-0.01,0.09,0.01,0,0.000000,0.000000,0.0,0,0*
$CANSAT,1424,41778,1008.87,31.87,-0.32,-0.00,-0.00,0.90,0.05,-0.03,0.07,0,0.000000,0.000000,0.0,0,0*
$CANSAT,1425,41803,1008.87,31.87,-0.32,-0.00,-0.00,0.90,-0.01,0.03,0.01,0,0.000000,0.000000,0.0,0,0*
$CANSAT,1426,41828,1008.87,31.87,-0.32,-0.00,-0.00,0.90,-0.07,0.03,-0.06,0,0.000000,0.000000,0.0,0,0*
$CANSAT,1427,41853,1008.87,31.86,0.04,-0.00,-0.00,0.90,0.05,0.09,0.07,0,0.000000,0.000000,0.0,0,0*
$CANSAT,1428,41878,1008.83,31.86,0.04,-0.00,-0.00,0.90,-0.07,0.03,0.07,0,0.000000,0.000000,0.0,0,0*
$CANSAT,1429,41903,1008.83,31.86,0.04,-0.00,-0.00,0.90,0.05,-0.03,0.01,0,0.000000,0.000000,0.0,0,0*
$CANSAT,1430,41928,1008.83,31.86,0.04,-0.00,-0.00,0.90,-0.01,0.09,0.01,0,0.000000,0.000000,0.0,0,0*
$CANSAT,1431,41953,1008.82,31.86,0.13,-0.00,-0.00,0.90,-0.01,0.09,-0.06,0,0.000000,0.000000,0.0,0,0*
$CANSAT,1432,41979,1008.82,31.86,0.13,-0.00,-0.00,0.90,-0.01,-0.03,-0.06,0,0.000000,0.000000,0.0,0,0*
$CANSAT,1433,42004,1008.82,31.86,0.13,-0.00,-0.00,0.90,0.05,-0.03,0.07,0,0.000000,0.000000,0.0,0,0*
$CANSAT,1434,42029,1008.82,31.86,0.13,-0.00,-0.00,0.90,-0.07,0.03,0.01,0,0.000000,0.000000,0.0,0,0*
$CANSAT,1435,42054,1008.84,31.86,-0.04,-0.00,-0.00,0.90,0.11,0.09,-0.06,0,0.000000,0.000000,0.0,0,0*
$CANSAT,1436,42079,1008.84,31.86,-0.04,-0.00,-0.00,0.90,-0.07,0.03,0.07,0,0.000000,0.000000,0.0,0,0*
$CANSAT,1437,42104,1008.84,31.86,-0.04,-0.00,-0.00,0.90,0.11,0.03,0.07,0,0.000000,0.000000,0.0,0,0*
$CANSAT,1438,42129,1008.84,31.86,-0.04,-0.00,-0.00,0.90,-0.01,-0.03,0.07,0,0.000000,0.000000,0.0,0,0*
$CANSAT,1439,42154,1008.82,31.86,0.16,-0.00,-0.00,0.90,0.17,0.03,-0.06,0,0.000000,0.000000,0.0,0,0*
$CANSAT,1440,42179,1008.82,31.86,0.16,-0.00,-0.00,0.90,0.05,0.03,0.01,0,0.000000,0.000000,0.0,0,0*
$CANSAT,1441,42204,1008.82,31.86,0.16,-0.00,-0.00,0.90,-0.01,0.03,0.01,0,0.000000,0.000000,0.0,0,0*
$CANSAT,1442,42230,1008.82,31.86,0.16,-0.00,-0.00,0.90,0.05,0.03,0.01,0,0.000000,0.000000,0.0,0,0*
$CANSAT,1443,42255,1008.84,31.86,-0.04,-0.00,-0.00,0.90,-0.01,0.03,-0.12,0,0.000000,0.000000,0.0,0,0*
$CANSAT,1444,42280,1008.84,31.86,-0.04,-0.00,-0.00,0.90,-0.01,0.09,0.01,0,0.000000,0.000000,0.0,0,0*
$CANSAT,1445,42305,1008.84,31.86,-0.04,-0.00,-0.00,0.90,-0.01,0.03,0.01,0,0.000000,0.000000,0.0,0,0*
$CANSAT,1446,42330,1008.84,31.86,-0.04,-0.00,-0.00,0.90,-0.01,-0.10,-0.06,0,0.000000,0.000000,0.0,0,0*
$CANSAT,1447,42355,1008.83,31.86,0.06,-0.00,-0.00,0.90,-0.01,0.09,0.01,0,0.000000,0.000000,0.0,0,0*
$CANSAT,1448,42380,1008.83,31.86,0.06,-0.00,-0.00,0.90,0.05,-0.03,0.07,0,0.000000,0.000000,0.0,0,0*
$CANSAT,1449,42405,1008.83,31.86,0.06,-0.00,-0.00,0.90,0.05,0.03,0.07,0,0.000000,0.000000,0.0,0,0*
$CANSAT,1450,42430,1008.83,31.86,0.06,-0.01,-0.00,0.90,-0.01,0.03,0.01,0,0.000000,0.000000,0.0,0,0*
$CANSAT,1451,42455,1008.84,31.86,-0.06,-0.00,-0.00,0.90,-0.01,0.03,0.01,0,0.000000,0.000000,0.0,0,0*
$CANSAT,1452,42481,1008.84,31.86,-0.06,0.00,-0.00,0.90,-0.07,-0.03,0.01,0,0.000000,0.000000,0.0,0,0*
$CANSAT,1453,42506,1008.84,31.86,-0.06,-0.00,-0.00,0.90,-0.01,0.03,-0.06,0,0.000000,0.000000,0.0,0,0*
$CANSAT,1454,42531,1008.84,31.86,-0.06,-0.00,-0.00,0.90,0.11,0.03,0.01,0,0.000000,0.000000,0.0,0,0*
$CANSAT,1455,42556,1008.84,31.86,-0.07,-0.00,-0.00,0.90,-0.01,0.09,0.01,0,0.000000,0.000000,0.0,0,0*
$CANSAT,1456,42581,1008.84,31.86,-0.07,-0.00,-0.00,0.90,0.11,0.09,-0.06,0,0.000000,0.000000,0.0,0,0*
$CANSAT,1457,42606,1008.84,31.86,-0.07,-0.00,-0.00,0.90,0.05,0.03,-0.06,0,0.000000,0.000000,0.0,0,0*
$CANSAT,1458,42631,1008.84,31.86,-0.07,-0.00,-0.00,0.90,-0.13,-0.03,-0.06,0,0.000000,0.000000,0.0,0,0*
$CANSAT,1459,42656,1008.83,31.86,0.01,-0.00,-0.00,0.90,0.11,-0.03,0.07,0,0.000000,0.000000,0.0,0,0*
$CANSAT,1460,42681,1008.83,31.86,0.01,-0.00,-0.00,0.90,-0.01,0.09,0.01,0,0.000000,0.000000,0.0,0,0*
$CANSAT,1461,42706,1008.83,31.86,0.01,-0.00,-0.00,0.90,-0.07,0.09,0.07,0,0.000000,0.000000,0.0,0,0*
$CANSAT,1462,42732,1008.83,31.86,0.01,0.00,-0.00,0.90,-0.07,-0.03,0.01,0,0.000000,0.000000,0.0,0,0*
$CANSAT,1463,42757,1008.85,31.86,-0.11,-0.00,-0.00,0.90,-0.01,0.03,-0.06,0,0.000000,0.000000,0.0,0,0*
$CANSAT,1464,42782,1008.85,31.86,-0.11,-0.00,-0.00,0.90,-0.01,0.09,-0.06,0,0.000000,0.000000,0.0,0,0*
$CANSAT,1465,42807,1008.85,31.86,-0.11,-0.00,-0.00,0.90,-0.01,0.03,0.01,0,0.000000,0.000000,0.0,0,0*
$CANSAT,1466,42832,1008.85,31.86,0.02,-0.00,-0.00,0.90,0.05,0.03,0.01,0,0.000000,0.000000,0.0,0,0*
$CANSAT,1467,42857,1008.83,31.86,0.02,-0.00,-0.00,0.90,-0.07,0.09,-0.06,0,0.000000,0.000000,0.0,0,0*
$CANSAT,1468,42882,1008.83,31.86,0.02,-0.00,-0.00,0.90,-0.01,0.03,-0.06,0,0.000000,0.000000,0.0,0,0*
$CANSAT,1469,42907,1008.83,31.86,0.02,-0.00,-0.00,0.90,-0.01,0.15,0.07,0,0.000000,0.000000,0.0,0,0*
$CANSAT,1470,42932,1008.86,31.86,-0.19,-0.00,-0.00,0.90,0.05,0.03,0.01,0,0.000000,0.000000,0.0,0,0*
$CANSAT,1471,42957,1008.86,31.86,-0.19,-0.00,-0.00,0.90,-0.07,0.09,0.07,0,0.000000,0.000000,0.0,0,0*
$CANSAT,1472,42983,1008.86,31.86,-0.19,-0.00,-0.00,0.90,-0.01,0.03,0.01,0,0.000000,0.000000,0.0,0,0*
$CANSAT,1473,43008,1008.86,31.86,-0.19,-0.00,-0.00,0.90,-0.01,0.03,-0.06,0,0.000000,0.000000,0.0,0,0*
$CANSAT,1474,43033,1008.84,31.86,-0.08,-0.00,-0.00,0.90,0.05,0.09,0.13,0,0.000000,0.000000,0.0,0,0*
$CANSAT,1475,43058,1008.84,31.86,-0.08,-0.00,-0.00,0.90,-0.01,0.03,0.01,0,0.000000,0.000000,0.0,0,0*
$CANSAT,1476,43083,1008.84,31.86,-0.08,-0.00,-0.00,0.90,-0.07,0.09,0.01,0,0.000000,0.000000,0.0,0,0*
$CANSAT,1477,43108,1008.84,31.86,-0.08,-0.00,-0.00,0.90,-0.07,0.03,0.01,0,0.000000,0.000000,0.0,0,0*
$CANSAT,1478,43133,1008.86,31.86,-0.19,-0.00,-0.00,0.90,-0.01,0.03,0.01,0,0.000000,0.000000,0.0,0,0*
$CANSAT,1479,43158,1008.86,31.86,-0.19,-0.00,-0.00,0.90,-0.01,-0.03,-0.06,0,0.000000,0.000000,0.0,0,0*
$CANSAT,1480,43183,1008.86,31.86,-0.19,-0.00,-0.00,0.90,0.11,-0.03,0.07,0,0.000000,0.000000,0.0,0,0*
$CANSAT,1481,43208,1008.86,31.86,-0.19,-0.00,-0.00,0.90,-0.07,-0.03,0.01,0,0.000000,0.000000,0.0,0,0*
$CANSAT,1482,43234,1008.83,31.86,0.01,-0.00,-0.00,0.90,0.05,0.03,0.07,0,0.000000,0.000000,0.0,0,0*
$CANSAT,1483,43259,1008.83,31.86,0.01,-0.01,-0.00,0.90,0.05,0.09,0.01,0,0.000000,0.000000,0.0,0,0*
$CANSAT,1484,43284,1008.83,31.86,0.01,-0.00,-0.00,0.90,-0.01,0.03,0.07,0,0.000000,0.000000,0.0,0,0*
$CANSAT,1485,43309,1008.83,31.86,0.01,-0.00,-0.00,0.90,-0.01,0.03,0.07,0,0.000000,0.000000,0.0,0,0*
$CANSAT,1486,43334,1008.84,31.86,-0.04,-0.00,-0.00,0.90,0.05,0.03,0.01,0,0.000000,0.000000,0.0,0,0*
$CANSAT,1487,43359,1008.84,31.86,-0.04,-0.00,-0.00,0.90,0.11,-0.03,-0.06,0,0.000000,0.000000,0.0,0,0*
$CANSAT,1488,43384,1008.84,31.86,-0.04,-0.00,-0.00,0.90,0.05,0.03,0.01,0,0.000000,0.000000,0.0,0,0*
$CANSAT,1489,43409,1008.84,31.86,-0.04,-0.00,-0.00,0.90,-0.07,0.03,0.07,0,0.000000,0.000000,0.0,0,0*
$CANSAT,1490,43434,1008.83,31.87,0.05,-0.00,-0.00,0.90,-0.13,-0.03,0.07,0,0.000000,0.000000,0.0,0,0*
$CANSAT,1491,43459,1008.83,31.87,0.05,-0.00,-0.00,0.90,-0.01,0.09,0.07,0,0.000000,0.000000,0.0,0,0*
$CANSAT,1492,43485,1008.83,31.87,0.05,-0.00,-0.00,0.90,-0.07,-0.03,0.01,0,0.000000,0.000000,0.0,0,0*
$CANSAT,1493,43510,1008.83,31.87,0.05,-0.00,-0.00,0.90,-0.01,0.03,0.01,0,0.000000,0.000000,0.0,0,0*
$CANSAT,1494,43535,1008.85,31.86,-0.15,-0.00,-0.00,0.90,0.05,0.03,0.01,0,0.000000,0.000000,0.0,0,0*
$CANSAT,1495,43560,1008.85,31.86,-0.15,-0.00,-0.00,0.90,0.11,0.09,0.07,0,0.000000,0.000000,0.0,0,0*
$CANSAT,1496,43585,1008.85,31.86,-0.15,-0.00,-0.00,0.90,-0.07,0.03,0.07,0,0.000000,0.000000,0.0,0,0*
$CANSAT,1497,43610,1008.85,31.86,-0.15,-0.00,-0.00,0.90,-0.01,0.03,-0.06,0,0.000000,0.000000,0.0,0,0*
$CANSAT,1498,43635,1008.86,31.87,-0.18,-0.00,-0.00,0.90,-0.07,0.03,0.07,0,0.000000,0.000000,0.0,0,0*
$CANSAT,1499,43660,1008.86,31.87,-0.18,-0.00,-0.00,0.90,0.05,0.03,-0.06,0,0.000000,0.000000,0.0,0,0*
$CANSAT,1500,43685,1008.86,31.87,-0.18,-0.00,-0.00,0.90,0.05,0.03,0.01,0,0.000000,0.000000,0.0,0,0*
$CANSAT,1501,43710,1008.86,31.87,-0.18,-0.00,-0.00,0.90,0.05,0.09,0.01,0,0.000000,0.000000,0.0,0,0*
$CANSAT,1502,43736,1008.83,31.86,0.02,-0.00,-0.00,0.90,-0.07,0.09,0.01,0,0.000000,0.000000,0.0,0,0*
$CANSAT,1503,43761,1008.83,31.86,0.02,-0.00,-0.00,0.90,-0.07,-0.03,0.01,0,0.000000,0.000000,0.0,0,0*
$CANSAT,1504,43786,1008.83,31.86,0.02,-0.00,-0.00,0.90,0.05,0.03,0.01,0,0.000000,0.000000,0.0,0,0*
$CANSAT,1505,43811,1008.83,31.86,-0.07,-0.00,-0.00,0.90,0.11,0.09,-0.06,0,0.000000,0.000000,0.0,0,0*
$CANSAT,1506,43836,1008.84,31.86,-0.07,-0.00,-0.00,0.90,-0.01,0.03,0.01,0,0.000000,0.000000,0.0,0,0*
$CANSAT,1507,43861,1008.84,31.86,-0.07,0.00,-0.00,0.90,-0.07,0.09,0.01,0,0.000000,0.000000,0.0,0,0*
$CANSAT,1508,43886,1008.84,31.86,-0.07,-0.00,-0.00,0.90,-0.07,0.09,-0.12,0,0.000000,0.000000,0.0,0,0*
$CANSAT,1509,43911,1008.83,31.86,0.07,-0.00,-0.00,0.90,0.05,0.09,0.01,0,0.000000,0.000000,0.0,0,0*
$CANSAT,1510,43936,1008.83,31.86,0.07,-0.00,-0.00,0.90,-0.01,0.09,0.07,0,0.000000,0.000000,0.0,0,0*
$CANSAT,1511,43961,1008.83,31.86,0.07,-0.00,-0.00,0.90,-0.07,0.03,0.01,0,0.000000,0.000000,0.0,0,0*
$CANSAT,1512,43987,1008.83,31.86,0.07,-0.00,-0.00,0.90,0.05,0.03,-0.06,0,0.000000,0.000000,0.0,0,0*
$CANSAT,1513,44012,1008.81,31.86,0.23,0.00,-0.00,0.90,-0.07,0.03,0.07,0,0.000000,0.000000,0.0,0,0*
$CANSAT,1514,44037,1008.81,31.86,0.23,-0.00,-0.00,0.90,-0.01,0.09,0.01,0,0.000000,0.000000,0.0,0,0*
$CANSAT,1515,44062,1008.81,31.86,0.23,-0.00,-0.00,0.90,-0.07,0.15,0.01,0,0.000000,0.000000,0.0,0,0*
$CANSAT,1516,44087,1008.81,31.86,0.23,-0.00,-0.00,0.90,-0.01,0.09,-0.06,0,0.000000,0.000000,0.0,0,0*
$CANSAT,1517,44112,1008.82,31.86,0.13,-0.01,-0.00,0.90,0.05,0.09,0.07,0,0.000000,0.000000,0.0,0,0*
$CANSAT,1518,44137,1008.82,31.86,0.13,0.00,-0.00,0.90,-0.01,0.09,0.13,0,0.000000,0.000000,0.0,0,0*
$CANSAT,1519,44162,1008.82,31.86,0.13,-0.00,-0.00,0.90,-0.01,0.03,0.01,0,0.000000,0.000000,0.0,0,0*
$CANSAT,1520,44187,1008.82,31.86,0.13,-0.00,-0.00,0.90,-0.01,0.09,0.07,0,0.000000,0.000000,0.0,0,0*
